date,average_loan_fee
2013-01-04,2.2884550328398485
2013-01-07,2.082546938238684
2013-01-09,1.8737648844877013
2013-01-10,1.8129352206912057
2013-01-11,1.8050762497388724
2013-01-15,1.8156584451546895
2013-01-16,1.7880267694706447
2013-01-17,1.7581569685080651
2013-01-18,1.747653081531316
2013-01-21,1.760651964928638
2013-01-22,1.7749579594191744
2013-01-23,1.753706451277026
2013-01-24,1.7486880839124979
2013-01-28,1.761959399668582
2013-01-29,1.7342902234469757
2013-01-31,1.732460642093311
2013-02-01,1.706842033305397
2013-02-04,1.714571051697246
2013-02-05,1.6796794736474483
2013-02-06,1.6355294965602385
2013-02-07,1.6693174632280685
2013-02-08,1.6769558494965109
2013-02-15,1.7512785302772245
2013-02-19,1.8834976556748457
2013-02-21,1.9203157712936316
2013-02-22,1.9174774055366908
2013-02-26,2.0463323499108563
2013-02-27,2.1424793011349568
2013-02-28,2.230549013467316
2013-03-01,2.425091584225427
2013-03-04,2.4287162204831505
2013-03-05,2.5423218899858395
2013-03-06,2.7056077500978635
2013-03-07,2.8494945530516795
2013-03-08,3.5931929782158667
2013-03-11,3.113990249699952
2013-03-12,3.2460995763493075
2013-03-13,2.80014442299073
2013-03-14,3.3436534715885315
2013-03-15,3.130295410906077
2013-03-18,3.134464198089158
2013-03-19,2.8174869440933046
2013-03-20,2.7852632633223924
2013-03-21,2.7311887916881115
2013-03-25,2.7303020564037817
2013-03-26,2.6885743632599386
2013-03-27,2.686999467446745
2013-03-28,2.7614644109028044
2013-04-01,2.746760257266746
2013-04-02,2.9248756878126256
2013-04-03,3.1150191626418495
2013-04-04,3.084896030236201
2013-04-05,3.02490877333189
2013-04-08,2.9203868979213787
2013-04-09,2.749164236275541
2013-04-10,2.756643961389512
2013-04-11,2.755166339392556
2013-04-15,2.6688631660869797
2013-04-17,4.326723892318651
2013-04-18,6.042667831830204
2013-04-19,6.585125793119919
2013-04-22,5.283700131720448
2013-04-23,4.497968806758024
2013-04-24,3.1094280268447942
2013-04-25,3.0987451513488162
2013-04-26,3.1980735074310926
2013-04-29,3.301328316818046
2013-05-02,7.965802500429716
2013-05-03,8.42169292086469
2013-05-06,6.922431335934459
2013-05-07,4.927844269785492
2013-05-09,3.230242841542084
2013-05-14,3.234017723233045
2013-05-15,3.4974012008219884
2013-05-20,3.1433810644819733
2013-05-21,3.097616956822338
2013-05-22,3.108349574918153
2013-05-23,3.1015319168470525
2013-05-27,3.2225777566145672
2013-05-28,3.1501008932789167
2013-05-31,2.9820071223518845
2013-06-03,2.948466299410926
2013-06-04,2.9104572011330054
2013-06-05,2.8693378061321178
2013-06-07,2.8242448360315264
2013-06-10,2.7738424157419237
2013-06-11,2.871580566677156
2013-06-12,2.881898649976596
2013-06-13,3.137500734354777
2013-06-14,3.5683614362259553
2013-06-17,3.3536051889368497
2013-06-18,3.350730850635679
2013-06-19,3.045575632098442
2013-06-21,3.140087091142341
2013-06-24,3.2738196022378085
2013-06-25,3.326538486156484
2013-07-01,3.986488901334328
2013-07-10,3.596777277761171
2013-07-11,3.5953864620833
2013-07-12,3.6268483393879607
2013-07-15,3.4705726730267332
2013-07-16,3.4294346816656978
2013-07-17,3.46048409450982
2013-07-19,3.529885245936041
2013-07-22,3.490127069444654
2013-07-23,3.584593388955167
2013-07-24,3.665601589578825
2013-07-25,3.673411790832401
2013-07-26,3.653749269490392
2013-07-31,3.8028385956964557
2013-08-01,3.809073208320649
2013-08-02,3.864427726599749
2013-08-05,3.8381931389669357
2013-08-06,3.7888651506633724
2013-08-07,3.987182427912992
2013-08-08,4.036042527034008
2013-08-09,4.383611384316585
2013-08-12,4.214972452390011
2013-08-13,4.29881584295633
2013-08-14,3.7808557790950355
2013-08-15,3.8876493023813476
2013-08-16,3.9047603955634673
2013-08-19,4.270057848141417
2013-08-20,4.455084643466134
2013-08-21,4.770856798061548
2013-08-22,4.917680495082092
2013-08-23,4.904892088793258
2013-08-26,4.883902691289933
2013-08-27,4.799950623676562
2013-08-28,4.786760580878694
2013-08-29,4.624739675739331
2013-08-30,4.491792232132771
2013-09-02,4.357925599228604
2013-09-03,4.333194438875017
2013-09-04,4.420436616970609
2013-09-05,4.270127979063668
2013-09-06,4.625479876207768
2013-09-09,4.9947360113204295
2013-09-11,4.749807874657869
2013-09-12,4.5003450637913796
2013-09-13,4.79850543224176
2013-09-16,4.858007669973447
2013-09-17,4.5637006132697095
2013-09-18,4.321774374120198
2013-09-19,4.112807938804611
2013-09-20,4.072309383762544
2013-09-23,3.979172182341898
2013-09-24,3.9336710162110444
2013-09-25,3.8580361363663487
2013-09-27,3.607154864245486
2013-09-30,3.5837543678075363
2013-10-01,3.5391925398938753
2013-10-02,3.4764996961636663
2013-10-03,3.5473059323416503
2013-10-04,3.413794300892057
2013-10-07,3.5395260704081046
2013-10-08,3.4383882531048293
2013-10-09,3.4468927367097755
2013-10-15,3.6166792592226713
2013-10-16,3.880514354362221
2013-10-17,4.222188147626081
2013-10-18,6.910445840975817
2013-10-21,7.370402082473112
2013-10-22,9.460663570183709
2013-10-23,6.964887546407394
2013-10-24,6.732440948049998
2013-10-25,3.6243711074063407
2013-10-28,3.48864513785973
2013-10-29,3.2634077601496925
2013-10-30,3.2318153777991494
2013-10-31,3.0576649443960333
2013-11-06,2.7982201922028755
2013-11-08,2.599447231440322
2013-11-11,2.6137932062111338
2013-11-12,2.6706870302779686
2013-11-13,2.719284906915084
2013-11-14,2.803986975752129
2013-11-18,2.759629327099147
2013-11-19,2.717897442638699
2013-11-21,2.590958050446313
2013-11-22,2.5821162511915534
2013-11-25,2.5564104871271187
2013-11-26,2.618634367087644
2013-11-27,2.6025048146033223
2013-11-28,2.6855761370211875
2013-11-29,2.6497895194433783
2013-12-02,2.602003721478904
2013-12-03,2.542881448881315
2013-12-04,2.489896556862365
2013-12-05,2.419621967592363
2013-12-06,2.8550872407185723
2013-12-09,2.838498436851348
2013-12-10,3.5768660944385955
2013-12-11,3.039959861216279
2013-12-12,3.311334097894036
2013-12-13,2.8351083676248376
2013-12-16,3.6970116110957156
2013-12-17,3.316568336005329
2013-12-18,3.347612340235149
2013-12-19,2.91433353671331
2013-12-20,2.9274078785302255
2013-12-23,3.0384342335340966
2014-01-03,3.8781792528387924
2014-01-06,3.9175860576559374
2014-01-07,3.6317442348107303
2014-01-08,3.4184434390729326
2014-01-09,2.84638069297952
2014-01-10,2.8089553008434924
2014-01-13,2.74313059385449
2014-01-14,2.7297415777911476
2014-01-15,3.0625727525463913
2014-01-16,3.5919522876228864
2014-01-17,4.571757770064093
2014-01-20,3.5465055833754233
2014-01-21,3.5323184192169625
2014-01-22,2.939830776027136
2014-01-23,2.9348809405958973
2014-01-24,2.953164204326887
2014-01-27,2.7463553149877478
2014-01-28,2.791859565885001
2014-01-29,2.852241343490741
2014-01-30,2.8822792626717786
2014-01-31,2.89124437187677
2014-02-03,2.7199638014078236
2014-02-04,2.7278133119030357
2014-02-05,2.676949313509637
2014-02-06,2.554950912421379
2014-02-07,2.6152933257780884
2014-02-14,2.737045765897371
2014-02-17,2.748780410726471
2014-02-18,2.9446075178694753
2014-02-19,3.5885957596280713
2014-02-20,4.345363881866025
2014-02-21,7.373997995495392
2014-02-24,3.6572449742006365
2014-02-25,3.6588317618915607
2014-02-26,3.0340658013578055
2014-02-27,4.0967532108164315
2014-02-28,3.154647737339816
2014-03-07,2.8239514037295588
2014-03-10,2.685888153010711
2014-03-11,2.7859663425455916
2014-03-12,3.0378833698832035
2014-03-13,3.0941520036384844
2014-03-14,3.52819639158421
2014-03-17,2.8269563576729833
2014-03-18,2.6393812704809743
2014-03-19,2.719411448512654
2014-03-20,2.625568992527602
2014-03-21,2.6279232425460757
2014-03-24,2.61302491486359
2014-03-25,2.6012745456268953
2014-03-26,2.626724647053436
2014-03-27,2.7844716332232395
2014-03-28,2.716052157193283
2014-03-31,3.469862443833445
2014-04-01,4.398757305270741
2014-04-02,4.938828128711024
2014-04-03,9.759224884907386
2014-04-04,11.811661549067693
2014-04-07,24.948589751571955
2014-04-08,6.906634901323013
2014-04-09,5.91122027037996
2014-04-10,4.088725928878762
2014-04-11,3.7891881883462566
2014-04-22,6.435979230612764
2014-04-23,5.844271188712236
2014-04-24,5.522173592002932
2014-04-25,4.977848244334872
2014-04-28,4.685286586820763
2014-04-29,5.027472044449532
2014-04-30,4.4927429266871055
2014-05-02,5.586964364216266
2014-05-05,8.911078450140504
2014-05-06,8.558747425645992
2014-05-09,3.0403283780570773
2014-05-12,2.8728499752035495
2014-05-13,2.351723241346337
2014-05-14,2.2523548882661517
2014-05-15,2.1674339384349137
2014-05-16,2.0503251289096744
2014-05-19,2.0589890925058074
2014-05-20,1.9751800734359903
2014-05-22,2.040272272637012
2014-05-23,1.934219362235758
2014-05-26,1.9546186829161432
2014-05-28,1.6609471908621152
2014-05-29,1.6062982545764868
2014-05-30,1.5966786611294008
2014-06-02,1.606974517722288
2014-06-03,1.6210910680381396
2014-06-04,1.6337919843955973
2014-06-05,1.6787176463013096
2014-06-06,1.6573962965206006
2014-06-09,1.6550127642858012
2014-06-10,1.5571963050989603
2014-06-11,1.6883479253647113
2014-06-13,1.6471237018063796
2014-06-23,1.5572251048932608
2014-06-24,1.5483328632415394
2014-06-25,1.618744374683267
2014-06-26,1.6653523938376302
2014-06-27,1.6593433507363722
2014-06-30,1.6910031514281487
2014-07-01,1.8394900792162239
2014-07-02,2.0265402403525496
2014-07-03,2.6771870449207467
2014-07-04,1.8727919865300704
2014-07-07,1.8761424565484919
2014-07-08,1.6309652539198713
2014-07-10,1.5480279406846609
2014-07-11,1.492051260522044
2014-07-14,1.4924509007521276
2014-07-15,1.533580901609361
2014-07-29,1.9329084231947353
2014-07-30,2.503794627434181
2014-07-31,3.6852558260495076
2014-08-01,1.9001985518334068
2014-08-04,2.0158285994050136
2014-08-05,1.798062094580221
2014-08-06,1.7254763042550216
2014-08-07,1.76903296459999
2014-08-08,1.6572474421245478
2014-08-11,1.6189851406548081
2014-08-15,2.2895539909459672
2014-08-21,2.538694014170913
2014-08-22,2.2429947959039853
2014-08-25,2.278838225491573
2014-08-28,2.205147275489397
2014-08-29,2.082468872439362
2014-09-01,2.068236899543727
2014-09-02,2.0885407956771287
2014-09-03,1.9797265258538967
2014-09-04,1.9792296468564399
2014-09-05,2.117707123432425
2014-09-08,1.5900470682365897
2014-09-09,1.5529223171745727
2014-09-10,1.5266567238795115
2014-09-11,1.5646335233390634
2014-09-12,1.6914172009017472
2014-09-15,1.8189713832156436
2014-09-16,2.8363468392072066
2014-09-17,1.7024023499761847
2014-09-18,1.6505405925055905
2014-09-19,1.5033135404665017
2014-09-22,1.4277826815186287
2014-09-23,1.466751421208112
2014-09-24,1.4308841661495457
2014-09-25,1.4220875498589265
2014-09-26,1.3783853244345523
2014-09-29,1.3719038460847544
2014-09-30,1.3721819721327622
2014-10-01,1.3712364944310573
2014-10-02,1.3803085919952072
2014-10-03,1.421980658457798
2014-10-07,1.3269316245150253
2014-10-08,1.2826617408293786
2014-10-09,1.2644996598384741
2014-10-10,1.2785209507670263
2014-10-13,1.2670607731852186
2014-10-14,1.3044788184120109
2014-10-15,1.2490620905649008
2014-10-16,1.2562012748502391
2014-10-17,3.964000249642697
2014-10-20,6.048300297651535
2014-10-21,14.23268462792947
2014-10-22,3.89798676972335
2014-10-23,3.8419016012181872
2014-10-29,2.2562485156172873
2014-10-30,2.2422464221596092
2014-10-31,2.2403513051027835
2014-11-05,2.54611767550856
2014-11-06,2.1130371944273407
2014-11-07,2.266215279339747
2014-11-10,2.316891723867412
2014-11-11,1.535466953847678
2014-11-12,1.4983923024974009
2014-11-13,1.445590524185068
2014-11-14,1.4359976819771334
2014-11-17,1.4881130619046996
2014-11-18,1.4926516206099862
2014-11-19,1.5203777568405679
2014-11-21,1.7154582495708268
2014-11-24,1.5349185931038338
2014-11-25,1.618482720119909
2014-11-26,1.6843175410677296
2014-11-27,1.6630597864296646
2014-11-28,1.6740114924991545
2014-12-01,1.6645894654194282
2014-12-02,1.667896752266542
2014-12-03,1.6581880636646038
2014-12-04,1.6263888555353871
2014-12-05,1.669210097594441
2014-12-08,1.8645459350128388
2014-12-09,1.7356661577957728
2014-12-11,1.687140869532838
2014-12-12,1.7893905036966395
2014-12-15,1.7986481817128515
2014-12-16,2.4344294332956804
2014-12-17,1.9136237501697249
2014-12-18,1.92430255078365
2014-12-19,1.9713360129622508
2014-12-22,2.080262095111036
2014-12-23,2.5805138498013664
2014-12-26,2.282276973215825
2014-12-29,2.62566580916333
2014-12-30,2.1230545998418613
2015-01-02,2.0477092666900725
2015-01-05,1.8515391137653896
2015-01-06,1.8336738178420144
2015-01-07,1.8896040132294698
2015-01-08,1.9443316468363643
2015-01-09,1.983146187498541
2015-01-12,1.9153393289832747
2015-01-13,1.9374746216292258
2015-01-14,2.002121299112219
2015-01-15,1.9935930303839924
2015-01-16,1.9635767329728877
2015-01-19,1.9342625474657513
2015-01-20,1.8847506460095311
2015-01-21,1.9266276454742663
2015-01-22,1.9319577043908778
2015-01-23,1.9233792923524893
2015-01-26,1.9454289758666532
2015-01-27,1.8714664110478663
2015-01-29,1.7944599591001735
2015-01-30,1.809165215770937
2015-02-02,1.7923392859292016
2015-02-03,1.8907996487996188
2015-02-04,1.7916927915192575
2015-02-05,1.8064569636310313
2015-02-06,1.7927339395077246
2015-02-09,1.8591919101802925
2015-02-10,1.7760096105814864
2015-02-11,1.8187509683101073
2015-02-12,1.815562481941737
2015-02-13,2.0033383223023016
2015-02-18,1.8297165705781937
2015-02-19,1.8778998158450575
2015-02-20,1.7995142448467445
2015-02-23,1.8763563873699503
2015-02-24,1.8873214684219382
2015-02-25,1.9531487516760122
2015-02-26,1.982883648750226
2015-02-27,2.0046581381582596
2015-03-02,1.9944613560259514
2015-03-03,2.0145373471845827
2015-03-04,1.9880649873871237
2015-03-05,2.000949321652796
2015-03-06,1.9537990717274767
2015-03-09,2.035881646119069
2015-03-10,1.9247965359018027
2015-03-11,1.889254456677398
2015-03-12,1.8432127577229271
2015-03-13,1.8264806561289002
2015-03-16,1.8820940309410923
2015-03-17,1.855599273383778
2015-03-18,1.889371879331571
2015-03-19,1.910732836780641
2015-03-20,1.9082987940537752
2015-03-23,1.9685619264497047
2015-03-25,4.191318041024318
2015-03-26,3.3398646254940614
2015-03-27,3.226917501386062
2015-03-30,3.0396697614464747
2015-03-31,2.7920255172417607
2015-04-01,2.7952986021032
2015-04-02,2.8519496015337658
2015-04-06,3.0121331755127487
2015-04-07,2.8856767177176126
2015-04-08,3.0019784064322366
2015-04-09,3.0803771138596043
2015-04-10,3.1314289024900708
2015-04-13,3.2990317750683
2015-04-14,3.2574126471579463
2015-04-15,3.3296071476526343
2015-04-16,3.108569177906106
2015-04-17,3.02909902423587
2015-04-20,2.978514027793143
2015-04-22,2.8625624020092757
2015-04-23,2.8396210013550633
2015-04-24,2.872724465605342
2015-04-27,2.7898972568570706
2015-04-28,2.8380738572794844
2015-04-29,2.779467097557341
2015-04-30,2.7875824969740015
2015-05-04,2.9825249131399523
2015-05-05,2.9391170870621064
2015-05-06,2.9331091236580837
2015-05-07,2.954247373572872
2015-05-08,2.8847932816558903
2015-05-11,2.915182874273431
2015-05-12,2.74576353704195
2015-05-13,2.503114283369164
2015-05-14,2.3306533430829783
2015-05-15,2.2948692072550765
2015-05-18,2.2463458020677294
2015-05-19,2.2131702142771212
2015-05-20,2.174595634042696
2015-05-21,2.16607200253395
2015-05-22,2.148480992002121
2015-05-25,2.1724148320616514
2015-05-26,2.097545197425222
2015-05-27,2.047661563293946
2015-05-29,1.9581191891007448
2015-06-01,1.9332822411194066
2015-06-02,1.8453665002943882
2015-06-03,1.801214020305383
2015-06-05,1.776940976549964
2015-06-09,1.823592430651218
2015-06-10,1.8109079203479095
2015-06-11,1.7712000222960436
2015-06-12,1.78125324252157
2015-06-15,1.8371765453286828
2015-06-16,1.8039101134555358
2015-06-17,1.8323022725932414
2015-06-19,1.796548428886616
2015-06-22,1.7458391060530554
2015-06-23,1.6479213838517688
2015-06-24,1.6386079146729646
2015-06-26,1.5998563676120163
2015-06-29,1.5636525891286395
2015-06-30,1.541524235415269
2015-07-02,1.5155944115435838
2015-07-03,1.4874276876265367
2015-07-06,1.4007896372851514
2015-07-07,1.2700769795996771
2015-07-08,1.2979644873130398
2015-07-10,1.2717395141516596
2015-07-14,1.3156518855661115
2015-07-16,1.305703718335124
2015-07-17,1.2966005408289554
2015-07-20,1.4150894705989812
2015-07-21,1.3300486524491748
2015-07-22,1.3061451045421153
2015-07-23,1.3106786940693083
2015-07-24,1.3165505201331773
2015-07-27,1.3199232538863142
2015-07-28,1.2933946447936002
2015-07-29,1.2665927600730822
2015-07-30,1.2848800171755197
2015-07-31,1.278460069718246
2015-08-03,1.460811667632286
2015-08-04,1.4042232545576088
2015-08-05,1.331404988911286
2015-08-06,1.3307972875404646
2015-08-11,1.3434611347863576
2015-08-12,1.5137717293279072
2015-08-13,1.593870785945009
2015-08-14,1.6075936008070513
2015-08-17,1.7675291942294353
2015-08-19,1.6934529524497535
2015-08-20,1.668633156561337
2015-08-21,1.6697421305946032
2015-08-24,1.7007766086622904
2015-08-25,1.7022416337547237
2015-08-26,1.78238599452021
2015-08-27,1.8294206075680641
2015-08-28,2.1867271906865144
2015-08-31,2.316567407295401
2015-09-01,2.4070927054263973
2015-09-02,2.44132112847719
2015-09-04,2.4364262863887363
2015-09-08,2.423082685896094
2015-09-09,2.4851170018926134
2015-09-10,2.5076322175233297
2015-09-11,2.5110359542873035
2015-09-14,2.6781093219882823
2015-09-15,2.6081748698179426
2015-09-16,2.5752848919700537
2015-09-17,2.5577143211075364
2015-09-18,2.6145894364537523
2015-09-21,2.754999772668627
2015-09-22,2.706634253255891
2015-09-23,2.657188973917492
2015-09-24,2.6310470859214226
2015-09-25,2.6758958602663308
2015-09-28,2.7070072934620004
2015-09-29,2.7238692051175306
2015-09-30,2.6734869750180565
2015-10-01,2.7397742776585763
2015-10-02,2.747909913640253
2015-10-05,2.898758519840233
2015-10-06,2.8348418838956135
2015-10-07,2.8040306468999714
2015-10-08,2.8604297372025944
2015-10-09,2.928520576419858
2015-10-13,3.1432357655636927
2015-10-14,3.139630513901856
2015-10-15,3.098617466159154
2015-10-16,3.0985172069309366
2015-10-19,3.1556843412130466
2015-10-20,3.169787018201915
2015-10-21,3.170941273977138
2015-10-22,3.2263444857817754
2015-10-23,3.322209622449348
2015-10-26,3.3311251290994486
2015-10-27,3.3253533018067074
2015-10-28,3.287358152548519
2015-10-29,3.3318048010616597
2015-10-30,3.391674871375354
2015-11-03,3.4404819893157135
2015-11-04,3.461606846170928
2015-11-05,3.4758278796995845
2015-11-06,3.4647572830386264
2015-11-09,3.4323954998213946
2015-11-10,3.4483667480775853
2015-11-11,3.376263392856803
2015-11-12,3.4163786293405325
2015-11-13,3.3816794606150653
2015-11-16,3.313788331708805
2015-11-17,3.259059488854397
2015-11-18,3.3028979978961623
2015-11-19,3.315571590720912
2015-11-23,3.4630500848947263
2015-11-24,3.332676383862347
2015-11-25,3.26540005426088
2015-11-26,3.1110373437013914
2015-11-27,3.116147473129724
2015-11-30,3.0139726500663686
2015-12-01,2.994268361854316
2015-12-02,3.0210091534108092
2015-12-03,3.0748694532754337
2015-12-04,3.0689895938821796
2015-12-08,3.0183303530480883
2015-12-09,3.0411316504415162
2015-12-10,3.0040113527632686
2015-12-11,2.9310746419926788
2015-12-14,3.011954887560732
2015-12-15,2.9087283012563705
2015-12-16,2.974277418475172
2015-12-17,3.065282550376351
2015-12-18,3.05390787418001
2015-12-21,3.1276409794638274
2015-12-22,3.117770791883508
2015-12-23,3.1928210270363517
2015-12-28,3.228181079979818
2015-12-29,3.2893509745189617
2015-12-30,3.3450402499902214
2016-01-04,3.3707783089326573
2016-01-05,3.36209560861659
2016-01-06,3.396688273597645
2016-01-07,3.388444624913979
2016-01-08,3.3352099397036072
2016-01-11,3.3849943894484675
2016-01-12,3.373695000575619
2016-01-13,3.3273518391578847
2016-01-14,3.324111831022797
2016-01-15,3.3073187444504963
2016-01-18,3.39162332978157
2016-01-19,3.2628627078488117
2016-01-20,3.265507375907479
2016-01-21,3.2373013088201947
2016-01-22,3.182275814282925
2016-01-26,3.3285857534879537
2016-01-27,3.2823122726854677
2016-01-28,3.348042017437853
2016-01-29,3.3651345022525714
2016-02-01,3.426972672716746
2016-02-02,3.4436006579344207
2016-02-03,3.4596225697461342
2016-02-04,3.46344137113514
2016-02-10,3.6352204263663057
2016-02-11,3.652589920901395
2016-02-12,3.669567344116165
2016-02-15,3.868807209328571
2016-02-16,3.841988269273243
2016-02-17,3.8512421110283364
2016-02-18,3.806156126846579
2016-02-19,3.8093549123123718
2016-02-22,3.8872875374985907
2016-02-23,3.870806574773367
2016-02-24,3.8275344799065243
2016-02-25,3.8244082891464775
2016-02-26,3.7639178091912533
2016-02-29,3.7296776347067726
2016-03-01,3.664802605019839
2016-03-02,3.6196209145741007
2016-03-03,3.6393574508217257
2016-03-04,3.645064421989737
2016-03-07,3.7336208645911415
2016-03-08,3.6560488283211217
2016-03-09,3.4523657264534715
2016-03-10,3.2837800845263314
2016-03-11,3.1068424507974886
2016-03-14,3.124534991794052
2016-03-15,2.865860125194746
2016-03-16,2.837367651398635
2016-03-17,2.837179244377259
2016-03-18,2.791723118413355
2016-03-21,2.88451784454203
2016-03-22,2.6824342323164547
2016-03-23,2.649202795232855
2016-03-24,2.6408561308795693
2016-03-28,2.6187084062201365
2016-03-29,2.545519322066854
2016-03-30,2.4158509439018845
2016-03-31,2.36485556494229
2016-04-01,2.324405326689701
2016-04-04,2.122007369182492
2016-04-05,2.117204025580273
2016-04-06,2.0764080006096512
2016-04-07,2.113965591163762
2016-04-08,2.070919526733779
2016-04-11,2.245076912572305
2016-04-12,2.0765001093668407
2016-04-13,2.0211501484472065
2016-04-14,2.0211179976969413
2016-04-15,1.9754497456271265
2016-04-18,1.9409491464581177
2016-04-19,1.9244514407820412
2016-04-20,1.830656888307374
2016-04-22,1.9080850101809879
2016-04-25,1.9171578152247284
2016-04-26,1.8128493924355884
2016-04-27,1.747467624672869
2016-04-28,1.7087514476809285
2016-04-29,1.6496951820104473
2016-05-02,1.5850961663537917
2016-05-03,1.5260219878210635
2016-05-04,1.5054422447391052
2016-05-05,1.4723136535395713
2016-05-06,1.4259084751084043
2016-05-09,1.635268729992171
2016-05-10,1.4370617897818538
2016-05-11,1.397456982560174
2016-05-12,1.3587959044844922
2016-05-13,1.346180032038627
2016-05-16,1.5369199837967964
2016-05-17,1.3266764524273966
2016-05-18,1.3346892057780053
2016-05-19,1.2793090406645837
2016-05-20,1.2730754212015514
2016-05-23,1.2490316481310513
2016-05-24,1.2085982073801964
2016-05-25,1.1993782655688474
2016-05-27,1.2081631425215764
2016-05-30,1.1886276561238793
2016-05-31,1.1831372540950071
2016-06-01,1.169267095526442
2016-06-02,1.1668597371884804
2016-06-03,1.1578188617419933
2016-06-06,1.2027292355560857
2016-06-07,1.0676945952873595
2016-06-08,1.0361008555968458
2016-06-09,1.005646769344308
2016-06-10,0.992593115883915
2016-06-13,0.9917164618929879
2016-06-14,0.9715253777923681
2016-06-15,0.92968641981705
2016-06-16,0.8963153872594531
2016-06-17,0.8780338062987381
2016-06-20,1.0363604453242403
2016-06-21,0.8904838666056563
2016-06-22,0.8824201020990265
2016-06-23,0.8456798248610569
2016-06-24,0.8511431041366028
2016-06-27,0.8526939408364442
2016-06-28,0.8920787705281301
2016-06-29,0.9187823834529677
2016-06-30,0.9398402213257314
2016-07-01,0.9212015699999714
2016-07-04,0.915320466448163
2016-07-05,0.9437325170113442
2016-07-06,0.9618571973976474
2016-07-07,0.9769558989440056
2016-07-08,0.9795481365996194
2016-07-11,1.1279818246978943
2016-07-12,1.0362062601053774
2016-07-13,1.0471153105080429
2016-07-14,0.9891588999871563
2016-07-15,0.9766142809177899
2016-07-18,1.0475318263028053
2016-07-19,0.9913245341717408
2016-07-20,0.994789478535269
2016-07-21,0.9883488749820976
2016-07-22,0.9922908145058459
2016-07-25,1.0059726376192049
2016-07-26,1.012919894437435
2016-07-27,1.0351437153651024
2016-07-28,1.0962631524340578
2016-07-29,1.0841258707488786
2016-08-01,1.2507630921465522
2016-08-02,1.1477106048816914
2016-08-03,1.1296715477266048
2016-08-04,1.153835230251533
2016-08-05,1.1215674936447342
2016-08-08,1.1264420263500659
2016-08-09,1.1086207845841702
2016-08-10,1.1508511902068137
2016-08-11,1.18150370978883
2016-08-12,1.1719185806114067
2016-08-15,1.1527877863262908
2016-08-16,1.140405397211548
2016-08-18,1.0708152556962796
2016-08-19,1.0676510110791815
2016-08-22,1.1938066280466275
2016-08-23,1.079158513895465
2016-08-24,1.06599705355769
2016-08-26,1.0062323686996117
2016-08-29,1.0212121447575675
2016-08-30,1.1196511041069312
2016-08-31,1.0349670588827928
2016-09-01,1.0547281990498258
2016-09-05,0.9991293582271498
2016-09-06,0.9812705841668087
2016-09-08,0.9595692681099911
2016-09-09,0.940690990185307
2016-09-12,0.9260854622602329
2016-09-13,0.9021992837868834
2016-09-14,0.9009707333254516
2016-09-15,0.8966179431084502
2016-09-16,0.886959525799957
2016-09-19,0.9769565231178579
2016-09-20,0.9305937945261842
2016-09-21,0.9525966119775106
2016-09-22,0.9477651633761689
2016-09-23,0.9165046886164704
2016-09-26,0.9941182161974251
2016-09-27,0.9309117884164464
2016-09-28,0.9427364933437977
2016-09-29,0.9156658037006904
2016-09-30,0.9225700809519494
2016-10-03,0.9224589865390733
2016-10-04,0.9043183666696623
2016-10-05,0.8882929136005854
2016-10-06,0.877995692181733
2016-10-07,0.8741847141496817
2016-10-10,0.8589083702218028
2016-10-11,0.8533997316684475
2016-10-13,0.8504046786329988
2016-10-14,0.8406515325192608
2016-10-17,1.0168850847917952
2016-10-18,0.874729136465496
2016-10-19,0.8965953497551419
2016-10-20,0.8910133747460166
2016-10-21,0.9274118797534687
2016-10-24,1.0693267357851988
2016-10-25,0.8798743470634078
2016-10-26,0.8687619659966342
2016-10-27,0.8231625415201004
2016-10-28,0.8346930757006048
2016-10-31,0.8221942120185334
2016-11-01,0.8213043731937905
2016-11-03,0.8129978002819481
2016-11-04,0.7892995709613914
2016-11-07,1.0769087949872371
2016-11-08,0.8318211604213225
2016-11-09,0.8319998187229636
2016-11-10,0.7764561160626423
2016-11-11,0.7658517567581956
2016-11-14,0.7911613616685119
2016-11-16,0.9409513661812003
2016-11-17,0.8829000181381456
2016-11-18,0.903437066289729
2016-11-21,0.8996440995070754
2016-11-23,0.8876298777466606
2016-11-24,0.8955328164255514
2016-11-25,0.869606927902428
2016-11-28,0.8582896919514447
2016-11-29,0.8310865936465036
2016-11-30,0.8378764358402914
2016-12-01,0.8364772818503153
2016-12-02,0.8236493070005078
2016-12-05,0.9865404738660135
2016-12-06,0.8637908100548171
2016-12-07,0.9134814908548485
2016-12-08,0.9422210844605736
2016-12-09,0.9405129724500934
2016-12-12,1.1486046350922798
2016-12-13,0.9912067497297182
2016-12-14,0.9959853585826229
2016-12-16,0.9240157308992549
2016-12-19,1.0479740531166302
2016-12-20,0.978250723956219
2016-12-21,1.0129997845769654
2016-12-22,1.1024387098705077
2016-12-23,1.1049310632845164
2016-12-27,1.106094459931373
2016-12-28,1.06332647087823
2016-12-29,1.0250484906896595
2017-01-02,1.0143942722819173
2017-01-03,1.01842979702565
2017-01-04,1.0073543172779094
2017-01-05,1.0131455625466188
2017-01-06,1.0112508209345317
2017-01-09,1.1346899441286138
2017-01-10,1.044872613830844
2017-01-11,1.0279232371827736
2017-01-12,1.012891376515312
2017-01-13,1.0163654124842874
2017-01-16,1.3096656526703307
2017-01-17,1.0882028631020935
2017-01-18,1.0840334344002769
2017-01-19,1.0196270196352109
2017-01-20,1.0058330470739951
2017-01-23,0.9911602072011199
2017-01-24,0.9707372414342481
2017-01-26,0.9723534885114935
2017-01-27,0.9693731874316392
2017-01-30,0.9554627340042513
2017-01-31,0.9653287790922254
2017-02-01,0.9725850029546992
2017-02-02,0.9995754176453133
2017-02-03,1.033784563506598
2017-02-06,1.2524834411236847
2017-02-07,1.1844674479468003
2017-02-08,1.216332499092091
2017-02-09,1.2124279876883555
2017-02-10,1.2375217019818532
2017-02-13,1.381528883756589
2017-02-14,1.2911254951457456
2017-02-15,1.2725957959016425
2017-02-16,1.194626899712183
2017-02-17,1.1810864906528742
2017-02-20,1.1924007942500015
2017-02-21,1.2010945068997285
2017-02-22,1.1625295164299383
2017-02-23,1.200078411226109
2017-02-24,1.1971028231126963
2017-03-01,1.1621985536467203
2017-03-02,1.1672728589479624
2017-03-03,1.1599205682840523
2017-03-06,1.3015173554778954
2017-03-07,1.171986936035788
2017-03-08,1.191268460445375
2017-03-09,1.1459077072554094
2017-03-10,1.1328025316833412
2017-03-13,1.1331950536618487
2017-03-14,1.1355044867440471
2017-03-15,1.122701078861691
2017-03-16,1.106271612856262
2017-03-17,1.0773069947640652
2017-03-20,1.1887570780142351
2017-03-21,1.1214862050118233
2017-03-22,1.1351586123314266
2017-03-23,1.0870424337277438
2017-03-24,1.1053837117065115
2017-03-27,1.1836191474307256
2017-03-28,1.1583837051121235
2017-03-29,1.1563986427291388
2017-03-30,1.1427272147747998
2017-03-31,1.124047062154537
2017-04-03,1.309233879572484
2017-04-04,1.1693423684731374
2017-04-05,1.1800983252573116
2017-04-06,1.1740791882577912
2017-04-07,1.2192398767637815
2017-04-10,1.1838744667816241
2017-04-11,1.163745322665651
2017-04-12,1.1608417319230064
2017-04-13,1.2423472728030178
2017-04-17,1.2751087007273751
2017-04-18,1.2889072499746486
2017-04-19,1.330853569808413
2017-04-20,1.4447396337943978
2017-04-24,1.605010870123543
2017-04-25,1.5153135073363246
2017-04-26,1.4800923081340749
2017-04-27,1.4219061236633441
2017-04-28,1.4329273334995982
2017-05-02,1.4309977211369411
2017-05-03,1.4265837996208308
2017-05-04,1.3957126249520855
2017-05-05,1.4100951093111944
2017-05-08,1.405051646913554
2017-05-09,1.3808809867074665
2017-05-10,1.4277073599168486
2017-05-11,1.4106837839141402
2017-05-12,1.4391496168347235
2017-05-15,1.5131950460901178
2017-05-16,1.4396032556911007
2017-05-17,1.4538001019074125
2017-05-18,1.4902849606186575
2017-05-19,1.465849271767149
2017-05-22,1.4898154492414228
2017-05-23,1.5519718048848947
2017-05-24,1.6708956228287004
2017-05-25,1.8002711897810695
2017-05-26,1.8169954122837515
2017-05-29,1.8182599913495896
2017-05-30,1.76004149926105
2017-05-31,1.721347074370583
2017-06-01,1.6728969923779506
2017-06-02,1.6484441183911065
2017-06-05,1.6623341347854146
2017-06-06,1.6302388578465343
2017-06-07,1.5752084672464113
2017-06-08,1.5373833708467393
2017-06-09,1.6340880562738542
2017-06-12,1.6171627677060731
2017-06-13,1.6120799777318378
2017-06-14,1.5970813718473695
2017-06-16,1.524346801519979
2017-06-19,1.4949758145961833
2017-06-20,1.4777300954929902
2017-06-21,1.496362454971193
2017-06-22,1.4845011582802423
2017-06-23,1.4571167938618768
2017-06-26,1.4920911811937099
2017-06-27,1.5143637416991074
2017-06-28,1.456359843967223
2017-06-29,1.440230695949922
2017-06-30,1.4332364185848891
2017-07-03,1.497337345295805
2017-07-04,1.5329107644560014
2017-07-05,1.53835835388526
2017-07-06,1.5288911399295837
2017-07-07,1.5168963618482265
2017-07-10,1.5053104059814508
2017-07-11,1.491858147567975
2017-07-12,1.525249056871225
2017-07-13,1.514164765717018
2017-07-14,1.5060577431181599
2017-07-17,1.4826865651839012
2017-07-18,1.467511541900797
2017-07-19,1.491440354312973
2017-07-20,1.57374407525568
2017-07-21,1.544917696514767
2017-07-24,1.5345715145015912
2017-07-25,1.5104999390173397
2017-07-26,1.4904174745027572
2017-07-27,1.4522550616294
2017-07-28,1.4449509798987712
2017-07-31,1.4244999873190647
2017-08-01,1.4197692720376636
2017-08-02,1.3835633697989171
2017-08-03,1.3485085150699085
2017-08-04,1.3285282257249609
2017-08-07,1.3581914123794032
2017-08-08,1.3865805850846298
2017-08-09,1.410232156961334
2017-08-10,1.3555646587912697
2017-08-11,1.301267549241283
2017-08-14,1.2793960625858452
2017-08-15,1.3204115105237528
2017-08-16,1.313318377053926
2017-08-17,1.3095059574649057
2017-08-18,1.2935174393147773
2017-08-21,1.2786069511260714
2017-08-22,1.2553554327282024
2017-08-23,1.2074183383323525
2017-08-24,1.2544859909542179
2017-08-25,1.274211948105321
2017-08-28,1.0174770265522652
2017-08-29,0.9472812318223662
2017-08-30,0.9114848427338488
2017-08-31,1.014336345112385
2017-09-01,1.000066125274213
2017-09-04,1.0445320829765323
2017-09-05,1.0777891150601873
2017-09-06,1.1622541951122864
2017-09-08,1.7833195177330912
2017-09-11,1.2497235366384636
2017-09-12,1.279366548676548
2017-09-13,1.1878305857190494
2017-09-14,1.237791111367353
2017-09-15,1.2441205483465354
2017-09-18,1.2522471398156094
2017-09-19,1.2296417271309017
2017-09-20,1.688596271818839
2017-09-21,1.5190090514124108
2017-09-22,1.4860426766560513
2017-09-25,1.4158473222834151
2017-09-26,1.4317448439867462
2017-09-27,1.3838264124210846
2017-09-28,1.4443646214164703
2017-09-29,1.4168440319279352
2017-10-02,1.3932286995742245
2017-10-03,1.3348640159770555
2017-10-04,1.3702335662722636
2017-10-05,1.221566684906669
2017-10-06,1.1780782540772246
2017-10-09,1.171967827188474
2017-10-10,1.1829925597477156
2017-10-11,1.2014945959340253
2017-10-13,1.2686650682410252
2017-10-16,1.2775447229392756
2017-10-17,1.3187072925634158
2017-10-18,1.3042954249777887
2017-10-19,1.2523872242890999
2017-10-20,1.2600444225720822
2017-10-23,1.2430858223127457
2017-10-24,1.2246308725863861
2017-10-25,1.212829125075922
2017-10-26,1.2378594918747514
2017-10-27,1.2134985466439772
2017-10-30,1.1762130742308428
2017-10-31,1.2343079145934959
2017-11-01,1.1761750798312545
2017-11-03,1.1176187894549712
2017-11-06,1.0833079478655079
2017-11-07,1.1468504200299805
2017-11-08,1.2442173561508512
2017-11-09,1.2929529339728132
2017-11-10,1.2991292950145241
2017-11-13,1.293632334018788
2017-11-14,1.296750556142539
2017-11-16,1.3229091331168599
2017-11-17,1.3144549035334097
2017-11-21,1.3149813875738834
2017-11-22,1.2210495581373202
2017-11-23,1.2230444947840806
2017-11-24,1.2446624356317941
2017-11-27,1.2864886519221357
2017-11-28,1.2440626317859578
2017-11-29,1.2447960074392954
2017-11-30,1.2334198043814284
2017-12-01,1.2503472338850865
2017-12-04,1.2410268745604556
2017-12-05,1.1653894098339153
2017-12-06,1.0738356980919679
2017-12-07,1.08617524153409
2017-12-08,1.0576768378024357
2017-12-11,1.142211553215779
2017-12-12,1.054295876955614
2017-12-13,1.058824451600466
2017-12-14,1.2596921540966586
2017-12-15,1.128701091736134
2017-12-18,1.1862584848642213
2017-12-19,1.064607617757967
2017-12-20,1.1455702487590358
2017-12-21,1.1148649579027718
2017-12-22,1.1232130046259976
2017-12-26,1.1370437905339696
2017-12-27,1.1335721008289414
2017-12-28,1.1486588457379658
2018-01-02,1.1212976124909777
2018-01-03,1.0664462430223804
2018-01-04,1.0284830451242435
2018-01-05,1.0187787699575905
2018-01-08,0.9904725352582217
2018-01-09,0.9126527300045384
2018-01-10,0.9616755627714078
2018-01-11,0.9014675735534223
2018-01-12,0.8734340404382361
2018-01-15,0.8613913906821424
2018-01-16,0.7896590279134957
2018-01-17,0.7655829868793671
2018-01-18,0.7863767743800372
2018-01-19,0.7786351414682692
2018-01-22,0.7838164516404607
2018-01-23,0.75698219170786
2018-01-24,0.7402605176492723
2018-01-26,0.7412970128460709
2018-01-29,0.777379215937941
2018-01-30,0.8630133690533115
2018-01-31,0.9438201454448202
2018-02-01,1.004749399179148
2018-02-02,0.9056710179527462
2018-02-05,0.8875939707197158
2018-02-06,0.8706309379268208
2018-02-07,0.8417441729992322
2018-02-08,0.8065785411855771
2018-02-09,0.791714990396896
2018-02-14,0.767856880121127
2018-02-15,0.7987430716551721
2018-02-16,0.7307633681859373
2018-02-19,0.7414210491644412
2018-02-20,0.7242729439442266
2018-02-21,0.7013775376541613
2018-02-22,0.7335637325504283
2018-02-23,0.7139397902247305
2018-02-26,0.7042196650748276
2018-02-27,0.7091785686277852
2018-02-28,0.6964766406252642
2018-03-01,0.6947756108393983
2018-03-02,0.7085546281470386
2018-03-05,0.6837848155117344
2018-03-06,0.7933086333682345
2018-03-07,0.8383028997396725
2018-03-08,0.8183577416864516
2018-03-09,0.804841259643158
2018-03-12,0.7922686590831091
2018-03-13,0.7604005389842272
2018-03-14,0.783181721867875
2018-03-15,0.7991259191680874
2018-03-16,0.8069994045565252
2018-03-19,0.8325370487105171
2018-03-20,0.8269958866604842
2018-03-21,0.8586525292008285
2018-03-22,0.8578116903525199
2018-03-23,0.9273721743415195
2018-03-26,0.9302040056695207
2018-03-27,0.8763733457597257
2018-03-28,0.8795754134752268
2018-03-29,0.8220593354390442
2018-04-02,0.7930583610204762
2018-04-03,0.770491831559672
2018-04-04,0.7920385673186022
2018-04-05,0.7399160418821676
2018-04-06,0.7355316704474437
2018-04-09,0.7334661948921375
2018-04-10,0.6980323560844329
2018-04-11,0.723593460485626
2018-04-12,0.7122166256129567
2018-04-13,0.714515547054978
2018-04-16,0.7272760233743626
2018-04-17,0.7224659994071095
2018-04-18,0.6911712995189295
2018-04-19,0.6885592843154821
2018-04-20,0.6889576020943241
2018-04-23,0.6796085315804239
2018-04-24,0.6637436304431042
2018-04-25,0.6980852602303128
2018-04-26,0.7012819050892674
2018-04-27,0.6812335863451675
2018-04-30,0.6738139605830793
2018-05-02,0.6429410269422094
2018-05-03,0.6600335822201855
2018-05-04,0.6757831449805018
2018-05-07,0.6677577818600863
2018-05-08,0.6360533488827057
2018-05-09,0.6291625703442342
2018-05-10,0.6363973041622596
2018-05-11,0.6482624773517462
2018-05-14,0.6257858033725878
2018-05-15,0.6317071665940978
2018-05-16,0.6533517302661569
2018-05-17,0.7098817165768473
2018-05-18,0.7815515984149703
2018-05-21,0.8781299858318193
2018-05-22,0.9346154101716652
2018-05-23,1.2430096621784192
2018-05-24,1.3418528241403398
2018-05-25,1.3674125100871122
2018-05-28,1.355545932338567
2018-05-29,1.2933585099061768
2018-05-30,1.3158900661479946
2018-06-01,1.3222007014079904
2018-06-04,1.3998998341719442
2018-06-05,1.5440253125696342
2018-06-06,1.7711459102411646
2018-06-07,1.8021531983809402
2018-06-08,2.1036244405410662
2018-06-11,2.2368558617942886
2018-06-12,2.36936717121921
2018-06-13,2.5771677384342437
2018-06-14,2.599199028960406
2018-06-15,2.6242507169906277
2018-06-18,2.7604607805854724
2018-06-19,2.6232127406651147
2018-06-20,2.744228116751537
2018-06-21,2.567245702692924
2018-06-22,3.1455357547683334
2018-06-25,2.954636479171147
2018-06-26,2.8062498349957097
2018-06-27,2.6568608446722255
2018-06-28,2.678995252340145
2018-06-29,2.682049576752049
2018-07-02,2.597842692930766
2018-07-03,2.458907050332728
2018-07-04,2.292375076741372
2018-07-05,2.2940444462503744
2018-07-06,2.1800145632585726
2018-07-10,2.0830570623153517
2018-07-11,2.0141451465210323
2018-07-12,2.0514580622685417
2018-07-13,1.6598344324364713
2018-07-16,1.8569872631362747
2018-07-17,1.8989668844006629
2018-07-18,1.9700111671119314
2018-07-19,2.0243983728968056
2018-07-20,1.9810977892453598
2018-07-23,1.9590062179199053
2018-07-24,1.976664292036388
2018-07-25,1.8968502632588955
2018-07-26,1.783095307511912
2018-07-27,1.7809716584540893
2018-07-30,1.8069276984431242
2018-07-31,1.754485074596335
2018-08-01,1.7791591891677192
2018-08-02,1.7296257160135153
2018-08-03,1.787211014325017
2018-08-06,1.7941775001641171
2018-08-07,1.700255452526368
2018-08-08,1.5249163984796623
2018-08-09,1.5466105877882574
2018-08-10,1.50071572507754
2018-08-13,1.5093170368118767
2018-08-14,1.4940744864933073
2018-08-15,1.5228078263229106
2018-08-16,1.560491696796544
2018-08-17,1.5245655214631304
2018-08-20,1.4887237001220068
2018-08-21,1.5282656789294524
2018-08-22,1.4353822136568124
2018-08-23,1.452037104470371
2018-08-24,1.4739536273989986
2018-08-27,1.4333327770409032
2018-08-28,1.4775351312756748
2018-08-29,1.424382959033038
2018-08-30,1.3812289343833535
2018-08-31,1.4094911396132297
2018-09-03,1.3830706425699675
2018-09-04,1.337414064157649
2018-09-05,1.32159747856308
2018-09-06,1.3802670473641252
2018-09-10,1.368429073934638
2018-09-11,1.275680151055472
2018-09-12,1.302737849101185
2018-09-13,1.2700584305407683
2018-09-14,1.2501378935318692
2018-09-17,1.1998155563729536
2018-09-18,1.2228623435105754
2018-09-19,1.247517305821856
2018-09-20,1.253811632269529
2018-09-21,1.2299149477034115
2018-09-24,1.1952170938316211
2018-09-25,1.2475201827143294
2018-09-26,1.1884987119329105
2018-09-27,1.1279951511060957
2018-09-28,1.0026187679443512
2018-10-01,1.0372459814970036
2018-10-02,1.0152112100418729
2018-10-03,1.0010436562975267
2018-10-04,0.9690427447417321
2018-10-05,0.9270590817032733
2018-10-08,0.9453264889173489
2018-10-09,1.042923896278291
2018-10-10,1.0704915822081063
2018-10-11,1.0242969656769223
2018-10-15,0.9936184335052775
2018-10-16,0.9976314500861028
2018-10-17,0.9651700552615943
2018-10-18,0.9683454810944666
2018-10-19,0.9406709975091532
2018-10-22,0.9301843594718874
2018-10-23,0.8808538979319144
2018-10-24,0.8614423917110346
2018-10-25,0.8619881040736007
2018-10-26,0.8382847334799635
2018-10-29,0.8872397603458776
2018-10-30,0.940671903393329
2018-10-31,0.9574557822581404
2018-11-01,1.0615421781359238
2018-11-05,1.0812550715951987
2018-11-06,1.0747570852836983
2018-11-07,1.048069989479639
2018-11-08,1.0801353886038139
2018-11-09,1.1188963847985802
2018-11-12,1.1092300497947434
2018-11-13,1.0856760864532353
2018-11-14,1.0089826607686725
2018-11-16,1.0083180728473664
2018-11-19,1.002954157822704
2018-11-21,0.9705104909676482
2018-11-22,0.9677552454208369
2018-11-23,0.920788005810665
2018-11-26,0.9197316479108523
2018-11-27,0.9053430970807635
2018-11-28,0.925317990658682
2018-11-29,0.9131088638840036
2018-11-30,0.8571442583562036
2018-12-03,0.9196222045439183
2018-12-04,0.9760756562878743
2018-12-05,0.9861525302637436
2018-12-06,0.9149896579822707
2018-12-07,1.0372942218951775
2018-12-10,1.0321271954046072
2018-12-11,0.9935017579204058
2018-12-12,0.978936585891423
2018-12-13,0.9237292610782643
2018-12-14,0.8482053378656171
2018-12-17,0.8265094813139051
2018-12-18,0.7849988393850403
2018-12-19,0.7950796130208002
2018-12-20,0.8155524609141857
2018-12-21,0.90616610965349
2018-12-26,0.878915780835285
2018-12-27,0.8101642108919636
2018-12-28,0.7376639201818915
2019-01-02,0.698413496989048
2019-01-03,0.7881092472596605
2019-01-04,0.9855106468419393
2019-01-07,0.8958757788990543
2019-01-08,0.8577717246354041
2019-01-09,0.7000253346023937
2019-01-10,0.6249445341281683
2019-01-11,0.5815300900154805
2019-01-14,0.5608519516826406
2019-01-15,0.5799551120050166
2019-01-16,0.6088821344154219
2019-01-17,0.5949401018188035
2019-01-18,0.5442019275021592
2019-01-21,0.5176509160051764
2019-01-22,0.6987675486419772
2019-01-23,0.835801184579028
2019-01-24,0.9022104753584633
2019-01-28,0.8237725150586066
2019-01-29,0.7947863753939493
2019-01-30,0.6181371057939254
2019-01-31,0.5577150720388203
2019-02-01,0.5850246073637853
2019-02-04,0.5944236203666369
2019-02-05,0.588454275157311
2019-02-06,0.5663285374110777
2019-02-07,0.6374778330313264
2019-02-08,0.5798288816244068
2019-02-11,0.5989190038136443
2019-02-12,1.2697942938510856
2019-02-13,0.6944429549752064
2019-02-14,0.7212804381774036
2019-02-15,0.5999852834114626
2019-02-18,0.6973757836916306
2019-02-19,0.7263057505187311
2019-02-20,0.7655778150048148
2019-02-21,0.760271473734928
2019-02-22,0.7563054780478582
2019-02-25,0.7925704865089341
2019-02-26,0.7344962596570319
2019-02-27,0.8496839007146422
2019-02-28,0.9918683958600155
2019-03-01,0.9344304459848889
2019-03-06,0.9495044184273602
2019-03-07,0.9024882857762339
2019-03-08,0.9141147561574888
2019-03-11,0.9086549924250875
2019-03-12,0.8962309990024163
2019-03-13,0.8923575162293769
2019-03-14,0.9196251617386291
2019-03-15,0.9942185172253565
2019-03-18,0.9995911465844156
2019-03-19,0.9625028142674575
2019-03-20,0.95244957923595
2019-03-21,1.0206414040551892
2019-03-22,0.9633788385756573
2019-03-25,0.9578824273072566
2019-03-26,0.9250135873335241
2019-03-27,0.8709083929421013
2019-03-28,0.8245859688658428
2019-03-29,0.8251014148149202
2019-04-01,0.8324412019598589
2019-04-02,0.8201379117661933
2019-04-03,0.8211905490970836
2019-04-04,0.8318094105300138
2019-04-05,0.8650808668336067
2019-04-08,0.891698598967976
2019-04-09,0.8657484683529593
2019-04-10,0.8509402166515416
2019-04-11,0.8303660447610927
2019-04-12,0.8188292494890114
2019-04-15,0.7983887736329051
2019-04-16,0.7624979350608471
2019-04-17,0.7432225376184799
2019-04-18,0.8391605727627954
2019-04-22,0.8635536409947886
2019-04-23,0.868621806260393
2019-04-24,1.0660973250895107
2019-04-25,1.0571891329660223
2019-04-26,1.0456679106389417
2019-04-29,0.9711625935156021
2019-04-30,1.0220658016104591
2019-05-02,1.0290548864513633
2019-05-03,0.9168876377522188
2019-05-06,0.9251083368605346
2019-05-07,0.8934864462531328
2019-05-08,0.8587385206314793
2019-05-09,0.8264438443331286
2019-05-10,0.8181503057762907
2019-05-13,0.7769636644171996
2019-05-14,0.8090637302635791
2019-05-15,0.8332638837774274
2019-05-16,0.8043086386487185
2019-05-17,0.8028514357697545
2019-05-20,0.7814116863333003
2019-05-21,0.7402651676707823
2019-05-22,0.7151826700948758
2019-05-23,0.7780534957991481
2019-05-24,0.7563103914653068
2019-05-27,0.7915398217920685
2019-05-28,0.7541270461606158
2019-05-29,0.8988924638864151
2019-05-30,1.0022664732999582
2019-05-31,0.8868344703300033
2019-06-03,0.8876362534876838
2019-06-04,0.8624340734114379
2019-06-05,0.8634783831320852
2019-06-06,0.8991254359662246
2019-06-07,0.8511477417257817
2019-06-10,0.860604677374871
2019-06-11,0.8453329013743809
2019-06-12,0.8578420594838152
2019-06-13,0.8368705563730899
2019-06-14,0.7972070742562183
2019-06-17,0.8896172617641843
2019-06-18,1.1613412222873511
2019-06-19,1.3690725256454046
2019-06-21,1.734042832851853
2019-06-24,1.5699362426769807
2019-06-25,0.9347260550767531
2019-06-26,0.8557315097831475
2019-06-27,0.6790676397859856
2019-06-28,0.6611180972949894
2019-07-01,0.6126779250396169
2019-07-02,0.6392132660877412
2019-07-03,0.7703946991870998
2019-07-04,0.8581758733303213
2019-07-05,0.9300394895388314
2019-07-08,0.9969397579977325
2019-07-10,1.2083256927651471
2019-07-11,1.2545062189412397
2019-07-12,1.727540658315149
2019-07-15,1.4190497409370135
2019-07-16,1.3905047720470813
2019-07-17,1.406978847368337
2019-07-18,1.7567026865864155
2019-07-19,1.9387557235135269
2019-07-22,2.0392446231642696
2019-07-23,1.805335325007051
2019-07-24,1.8808114085049341
2019-07-25,1.726142510959196
2019-07-26,1.642300723329255
2019-07-29,1.5441239918459222
2019-07-30,1.433955758916499
2019-07-31,1.1710951443703408
2019-08-01,1.0308372417088572
2019-08-02,0.9796996634869751
2019-08-05,0.9060382113265023
2019-08-06,0.8249474750058912
2019-08-07,0.7887344984429093
2019-08-08,0.7398543322658706
2019-08-09,0.7030348162460403
2019-08-12,0.6696314404394937
2019-08-13,0.6333180408409571
2019-08-14,0.6119371334602686
2019-08-15,0.5926079856587644
2019-08-16,0.5834348197859303
2019-08-19,0.583094756290941
2019-08-20,0.5780538533992619
2019-08-21,0.6078512732291931
2019-08-22,0.6066258104876585
2019-08-23,0.5532526676664016
2019-08-26,0.5450022012262519
2019-08-27,0.536630507773781
2019-08-28,0.5034075909299501
2019-08-29,0.5041137730929794
2019-08-30,0.48827799409782735
2019-09-02,0.4681487270123656
2019-09-03,0.45795381015806436
2019-09-04,0.44518754412287065
2019-09-05,0.45770935528904344
2019-09-06,0.40465373631105694
2019-09-09,0.41537807283027944
2019-09-10,0.43157636986284487
2019-09-11,0.45188057729379094
2019-09-12,0.6433894560785676
2019-09-13,0.5395768009635283
2019-09-16,0.5145625503263704
2019-09-17,0.49980067614515705
2019-09-18,0.4826870954106766
2019-09-19,0.4864480646898508
2019-09-20,0.5276587891885626
2019-09-23,0.5059978390001891
2019-09-24,0.5099318439431615
2019-09-25,0.4898069573848357
2019-09-26,0.5300074295255386
2019-09-27,0.4324373817279662
2019-09-30,0.37505575309535094
2019-10-01,0.4159668415637449
2019-10-02,0.46359980182713695
2019-10-03,0.4729980918899792
2019-10-04,0.4626516761349034
2019-10-07,0.45281937471771627
2019-10-08,0.4564244990162341
2019-10-09,0.440452312284583
2019-10-10,0.44116935228039494
2019-10-11,0.42802823660551664
2019-10-14,0.40774901729793206
2019-10-15,0.410911474346198
2019-10-16,0.4201502027523098
2019-10-17,0.4412386492536733
2019-10-18,0.7968402693273224
2019-10-21,0.4668530848281459
2019-10-22,0.46774736016154167
2019-10-23,0.46114774811165854
2019-10-24,0.4348120611886276
2019-10-25,0.4350749557252759
2019-10-28,0.4365214776115902
2019-10-29,0.41681902292163986
2019-10-30,0.4306380066868679
2019-10-31,0.5710919718808853
2019-11-01,0.9259990711208759
2019-11-04,1.1317245804200737
2019-11-05,0.954771693608683
2019-11-06,1.0462432969625866
2019-11-07,1.0525860766413961
2019-11-08,0.831961268115107
2019-11-11,0.7390716464483365
2019-11-12,0.6472788482391828
2019-11-13,0.7190159777944033
2019-11-14,0.7362065734749542
2019-11-18,0.6764704646902383
2019-11-19,0.6488490354249636
2019-11-21,0.6723443131196535
2019-11-22,0.6844829210417832
2019-11-25,0.7856773582030457
2019-11-26,0.8117429292770211
2019-11-27,0.8133897772446033
2019-11-28,0.8223770022827797
2019-11-29,0.79891683311108
2019-12-02,0.7671093353397486
2019-12-03,0.7794066994811629
2019-12-04,0.7818585777762114
2019-12-05,0.7709981865345445
2019-12-06,0.7815945554098652
2019-12-09,0.75473297069709
2019-12-10,0.7775220334524482
2019-12-11,0.7526491367303393
2019-12-12,0.7838238815536078
2019-12-13,0.7774807917514266
2019-12-16,0.7819186820138571
2019-12-17,0.7464956389199083
2019-12-18,0.6336575888343137
2019-12-19,0.5966012890570587
2019-12-20,0.6226423615203863
2019-12-23,0.5940237411477258
2019-12-26,0.5556562551726799
2019-12-27,0.5843462134260791
2019-12-30,0.5231754648302097
2020-01-02,0.501766177617778
2020-01-03,0.48830103612899545
2020-01-06,0.47903721131894944
2020-01-07,0.4588938564916573
2020-01-08,0.49036516533531094
2020-01-09,0.48950946793630123
2020-01-10,0.5285808801197691
2020-01-13,0.5147433128338338
2020-01-14,0.5625020121765587
2020-01-15,0.5437886670264005
2020-01-16,0.5697274302881491
2020-01-17,0.6255384381911284
2020-01-20,0.5992861054399831
2020-01-21,0.6987568044763488
2020-01-22,0.7246393470105239
2020-01-23,0.778328741263909
2020-01-24,0.8326673812442789
2020-01-27,0.825541246727733
2020-01-28,0.8742231649074927
2020-01-29,0.941820394557209
2020-01-30,0.9425428214962178
2020-01-31,0.9305432029360557
2020-02-03,1.3585537326157437
2020-02-04,1.5482281549635877
2020-02-05,1.6969167602225412
2020-02-06,1.6722108600140109
2020-02-07,1.6177701731230336
2020-02-10,1.5520936846134676
2020-02-11,1.5452440048962914
2020-02-12,1.471824813061913
2020-02-13,1.3660427308727934
2020-02-14,1.2352646599532504
2020-02-17,1.1430214409940005
2020-02-18,1.1593774167774786
2020-02-19,1.0797153377180755
2020-02-20,1.0652368440129778
2020-02-21,1.0570777123141146
2020-02-26,1.045815004923483
2020-02-27,0.9551576109788151
2020-02-28,0.9300728443641945
2020-03-02,1.0369740314843494
2020-03-03,1.1054126491307423
2020-03-04,1.6628519060752256
2020-03-05,1.7666395557890429
2020-03-06,1.5311816976088277
2020-03-09,1.3330930720920877
2020-03-10,1.2289465303737819
2020-03-11,1.1840512701590087
2020-03-12,1.6096268049609666
2020-03-13,2.4851606469225165
2020-03-16,2.4547498545558617
2020-03-17,2.342658913337394
2020-03-18,2.503680122188729
2020-03-19,2.560845710836858
2020-03-20,2.4830475920562565
2020-03-23,2.4132681142664336
2020-03-24,2.4365450783162457
2020-03-25,2.4644590830169286
2020-03-26,2.4439927309774054
2020-03-27,2.4185207358212413
2020-03-30,2.365003015122986
2020-03-31,2.231978188105932
2020-04-01,2.089322284460014
2020-04-02,2.1231237229306026
2020-04-03,2.04562891702305
2020-04-06,1.9558798936705015
2020-04-07,1.9882125548247043
2020-04-08,1.9592259548928117
2020-04-09,1.8894654324897515
2020-04-13,1.8185289195987915
2020-04-14,1.702634828826225
2020-04-15,1.613892917287943
2020-04-16,1.521181011154359
2020-04-17,1.4591397941447934
2020-04-20,1.5350518402530253
2020-04-22,1.4259226389819524
2020-04-23,1.3899152480398445
2020-04-24,1.2826662751113804
2020-04-27,1.2034586345418163
2020-04-28,1.1921756357625717
2020-04-29,1.185590993794933
2020-04-30,1.1017101487639582
2020-05-04,1.0920578488097685
2020-05-05,1.1025330128868067
2020-05-06,1.0925050294758811
2020-05-07,1.0595206350537574
2020-05-08,1.019575894988435
2020-05-11,1.0854977141738626
2020-05-12,1.1604106864757027
2020-05-13,1.0877019861226838
2020-05-14,1.139084835272176
2020-05-15,1.0983381609436385
2020-05-18,1.0292706324055048
2020-05-19,1.0080979192165405
2020-05-20,0.986393278940814
2020-05-21,0.9334642182950006
2020-05-22,0.8878841221376583
2020-05-25,0.9113555271180221
2020-05-26,0.8186308256278807
2020-05-27,0.737099830175462
2020-05-28,0.7047333599921812
2020-05-29,0.691441255163487
2020-06-01,0.6587827917028848
2020-06-02,0.8167059621545398
2020-06-03,0.8689283781961461
2020-06-04,0.9232497427351201
2020-06-05,0.9824285051912754
2020-06-08,0.9675137724859304
2020-06-09,0.9707578819660488
2020-06-10,1.0958387325550318
2020-06-12,1.0516838803262807
2020-06-15,1.089970710686756
2020-06-16,1.1640720039358454
2020-06-17,1.1435113625919597
2020-06-18,1.0992178171526332
2020-06-19,1.0337677959675455
2020-06-22,0.953664356975042
2020-06-23,0.930155044457998
2020-06-24,1.0569052550123386
2020-06-25,1.040116847076728
2020-06-26,1.0955607596808612
2020-06-29,1.1348410287584958
2020-06-30,1.325383954639052
2020-07-01,1.2429889963426686
2020-07-02,1.2188774097962116
2020-07-03,1.123233822251242
2020-07-06,1.2306799165557303
2020-07-07,1.0382570089815162
2020-07-08,0.9969157853459584
2020-07-09,1.3719315861228405
2020-07-10,1.931234854639557
2020-07-13,1.3708198708235853
2020-07-14,1.3523586202733655
2020-07-15,1.4379535964858403
2020-07-16,1.363032772294688
2020-07-17,1.3295273829735343
2020-07-20,1.3590128532695376
2020-07-21,1.2910173517745602
2020-07-22,1.4189894593528871
2020-07-23,1.659999667434629
2020-07-24,1.6125106962489284
2020-07-27,1.7118614125451443
2020-07-28,1.4496439827648189
2020-07-29,1.2473596252628998
2020-07-30,1.177449605462711
2020-07-31,1.0931457042358552
2020-08-03,1.0271140301730124
2020-08-04,1.0479268952317957
2020-08-05,1.0608832779612958
2020-08-06,1.0110708887519815
2020-08-07,0.9875593934804741
2020-08-10,0.938713092154133
2020-08-11,0.9898773582366169
2020-08-12,0.9223411624986764
2020-08-13,0.8710830377938061
2020-08-14,1.0155046874648288
2020-08-17,0.9875057474998744
2020-08-18,0.9481458371759477
2020-08-19,0.9169595633303776
2020-08-20,1.2715451363972672
2020-08-21,1.2425120060587942
2020-08-24,1.3711646866806473
2020-08-25,1.3013844875347114
2020-08-26,1.2133479156963873
2020-08-27,1.302126481072464
2020-08-28,1.2383533622266367
2020-08-31,1.196141693483026
2020-09-01,1.2000797437006951
2020-09-02,1.1943186434721809
2020-09-03,1.131546150039832
2020-09-04,1.0101360663583725
2020-09-08,0.9365153500981599
2020-09-09,0.9010376533698269
2020-09-10,0.7882929448786549
2020-09-11,0.7419085030801706
2020-09-14,0.7234632225921961
2020-09-15,0.6895516695493329
2020-09-16,0.6342886094387288
2020-09-17,0.5916786754017417
2020-09-18,0.6275837232946286
2020-09-21,0.608155227269923
2020-09-22,0.6827987591187997
2020-09-23,0.6595824226831707
2020-09-24,0.7722879613001598
2020-09-25,0.7555722256859858
2020-09-28,0.7235837203194853
2020-09-29,0.7167060674863664
2020-09-30,0.706145873531654
2020-10-01,0.7558073020686086
2020-10-02,0.9227125681874361
2020-10-05,0.8113633992732264
2020-10-06,0.8232840389695028
2020-10-07,0.8060695326823427
2020-10-08,0.8241238879196767
2020-10-09,0.8465824281622483
2020-10-13,0.7862961387037383
2020-10-14,0.6840418735235189
2020-10-15,0.6936727257909063
2020-10-16,0.6821041758113299
2020-10-19,0.6869692760216964
2020-10-20,0.6245813861664145
2020-10-21,0.6121134382590586
2020-10-22,0.7082310343150205
2020-10-23,0.6541265357489051
2020-10-26,0.5810206816639196
2020-10-27,0.5990189975375914
2020-10-28,0.6219469926647415
2020-10-29,0.6116782497463761
2020-10-30,0.6235904732090654
2020-11-03,0.6190413693873142
2020-11-04,0.6090216186922669
2020-11-05,0.6845584120763855
2020-11-06,0.6932572338350567
2020-11-09,0.7365464169400638
2020-11-10,0.7223749130927757
2020-11-11,0.8274095423407228
2020-11-12,0.9278895983346197
2020-11-13,0.9553718187718293
2020-11-16,0.9671103010804384
2020-11-17,0.9630957798135141
2020-11-18,0.9981497255279554
2020-11-19,1.126649846748328
2020-11-20,1.1548905571897785
2020-11-23,1.1402961816381827
2020-11-24,1.1090434713117452
2020-11-25,1.1031051735203141
2020-11-26,1.0463938097888517
2020-11-27,1.0301640842239899
2020-11-30,1.0165690133663348
2020-12-01,1.0063146958264382
2020-12-02,0.9020299580848884
2020-12-03,0.8113107609204698
2020-12-04,0.7558706452450821
2020-12-07,0.716459503532467
2020-12-08,0.6750480753112256
2020-12-09,0.627995642830634
2020-12-10,0.601003080897966
2020-12-11,0.5774432105961708
2020-12-14,0.6000658251959375
2020-12-15,0.5837388685658532
2020-12-16,0.6084868337868443
2020-12-17,0.8274630225828371
2020-12-18,0.819904215340862
2020-12-21,0.7998453829239841
2020-12-22,0.7556154752164213
2020-12-23,0.7715712289255938
2020-12-28,0.7412792838664234
2020-12-29,0.7133495792424535
2020-12-30,0.6762895921872325
2021-01-04,0.6896198102626044
2021-01-05,0.6758030064957801
2021-01-06,0.6811342173783866
2021-01-07,0.702448265584256
2021-01-08,0.7164258660915809
2021-01-11,0.7138299713967181
2021-01-12,0.7245328594760617
2021-01-13,0.7391615841843385
2021-01-14,0.7404672195883307
2021-01-15,0.7957744988500679
2021-01-18,0.7982609108047319
2021-01-19,0.8117214308596685
2021-01-20,0.8994982949311081
2021-01-21,0.9013113262368886
2021-01-22,0.8857665727074322
2021-01-26,0.878227924269452
2021-01-27,0.8422615123032674
2021-01-28,0.8519570374431078
2021-01-29,1.0703292415762282
2021-02-01,1.0345355381359462
2021-02-02,0.9965748824918752
2021-02-03,0.891018352499243
2021-02-04,0.8789517157893588
2021-02-05,0.8777477312478933
2021-02-08,0.8589387200116475
2021-02-09,0.8324196952306115
2021-02-10,0.875123913584801
2021-02-11,0.9134318335566532
2021-02-12,0.9706110650288657
2021-02-17,1.103128824311518
2021-02-18,1.0784021460468702
2021-02-19,1.0425071255282654
2021-02-22,1.0647024753879988
2021-02-23,1.0547614294269534
2021-02-24,1.0341642209887656
2021-02-25,1.074882092031956
2021-02-26,1.0376350051791539
2021-03-01,1.0186910815878745
2021-03-02,1.0735175420589724
2021-03-03,1.1106753974041499
2021-03-04,1.1207201386228136
2021-03-05,1.3861621967215851
2021-03-08,1.4721560081671126
2021-03-09,1.581289402706205
2021-03-10,1.6412677857365021
2021-03-11,1.713197105644407
2021-03-12,1.5925154018737917
2021-03-15,1.4745145889054405
2021-03-16,1.0550597731061
2021-03-17,1.0781412385727618
2021-03-18,1.1499457681310241
2021-03-19,1.397474885917562
2021-03-22,1.596069865331007
2021-03-23,1.230019335767158
2021-03-24,1.2512974132447152
2021-03-25,1.2237943379131384
2021-03-26,1.1711487306111923
2021-03-29,1.185673976967302
2021-03-30,1.2077929685714108
2021-03-31,1.1988248615163852
2021-04-01,1.2522685706131693
2021-04-05,1.2024814809398279
2021-04-06,1.1700977845266214
2021-04-07,1.1318990269353346
2021-04-08,1.1207042717873947
2021-04-09,1.0440188106923245
2021-04-12,0.987614595531722
2021-04-13,0.9900555444572521
2021-04-14,1.0739323878290212
2021-04-15,1.0998532882068437
2021-04-16,1.0454840544880306
2021-04-19,1.0360245912170682
2021-04-20,1.0555016388779934
2021-04-22,1.022345896348533
2021-04-23,1.0273697859146926
2021-04-26,1.0180457279949435
2021-04-27,0.9907713634500936
2021-04-28,0.9724180901263779
2021-04-29,0.9698452027966273
2021-04-30,1.2395613586657859
2021-05-03,1.5978539172423927
2021-05-04,1.676339688308967
2021-05-05,1.5980911779435858
2021-05-06,1.4492350329418906
2021-05-07,1.404740761191381
2021-05-10,1.2943208642944912
2021-05-11,1.2300867416636432
2021-05-12,1.121753778066771
2021-05-13,1.0840733185600104
2021-05-14,1.027920526693859
2021-05-17,0.982682537343473
2021-05-18,0.9571174453689603
2021-05-19,0.9855934831615235
2021-05-20,1.0005809726843047
2021-05-21,1.0804350590947573
2021-05-24,1.282703525451596
2021-05-25,1.4344704328694289
2021-05-26,1.314724893016716
2021-05-27,1.2188309693359125
2021-05-28,1.3738872994805154
2021-05-31,1.1749146418863496
2021-06-01,0.952939869366596
2021-06-02,0.9006864012378479
2021-06-04,1.0101275684461855
2021-06-07,1.0402701785893815
2021-06-08,1.031691239016927
2021-06-09,1.0340627584014006
2021-06-10,1.0390372844631925
2021-06-11,1.0921467602977648
2021-06-14,1.1351705144864068
2021-06-15,1.148222868574717
2021-06-16,1.2011265975156462
2021-06-17,1.3534043696233833
2021-06-18,1.3960893106034011
2021-06-21,1.3719716380221654
2021-06-22,1.360381790076641
2021-06-23,1.3321956842931948
2021-06-24,1.2612591017577173
2021-06-25,1.2378672967604105
2021-06-28,1.1859116843924766
2021-06-29,1.1298864296196482
2021-06-30,1.0853498384501257
2021-07-01,1.1585623474037543
2021-07-02,1.1206604650551697
2021-07-05,1.0656787137301678
2021-07-06,0.9755766571519044
2021-07-07,0.9337218195493799
2021-07-08,0.9076471267862346
2021-07-12,0.8899059619102452
2021-07-13,0.8715938149489462
2021-07-14,0.859793702813096
2021-07-15,0.8395804201598693
2021-07-16,0.8359671065757482
2021-07-19,0.8230278230102633
2021-07-20,1.1128248260427975
2021-07-21,1.079448574712458
2021-07-22,1.0040426987526665
2021-07-23,0.918772965126949
2021-07-26,0.8546571190233152
2021-07-27,0.8437750616989788
2021-07-28,0.7976114610595452
2021-07-29,0.7693099798716682
2021-07-30,0.7626264593908016
2021-08-02,0.7398172674228979
2021-08-03,0.7241441251976233
2021-08-04,0.7034203139481974
2021-08-05,0.6686717902906213
2021-08-06,0.6525026241512987
2021-08-09,0.6399505911152288
2021-08-10,0.6186831174678777
2021-08-11,0.596257232838257
2021-08-12,0.5824845292069508
2021-08-13,0.5613664112684499
2021-08-16,0.5591912397211763
2021-08-17,0.5569005832159636
2021-08-18,0.5938597345349055
2021-08-19,0.6418367877418306
2021-08-20,0.6883932012382411
2021-08-23,0.7036777910733993
2021-08-24,0.7632451870429138
2021-08-25,0.7747609302939312
2021-08-26,0.7897783968766062
2021-08-27,0.8678690653288333
2021-08-30,0.8562821530650947
2021-08-31,0.837580916336511
2021-09-01,0.8648078979805126
2021-09-02,0.8608668177865904
2021-09-03,0.866420403156164
2021-09-06,0.8592231741726907
2021-09-08,0.8598473988879405
2021-09-09,0.8659713440490177
2021-09-10,0.8644218177381333
2021-09-13,0.8689819671446103
2021-09-14,0.9065460042279433
2021-09-15,0.9582295771658454
2021-09-16,0.9483204843553191
2021-09-17,0.9706792720926248
2021-09-20,0.9901923200296112
2021-09-21,1.022995249392907
2021-09-22,1.0602485900588492
2021-09-23,1.0869163247289142
2021-09-24,1.0715078071235642
2021-09-27,1.055634196425005
2021-09-28,1.059478210495457
2021-09-29,1.045712537468149
2021-09-30,1.0213855115559354
2021-10-01,1.0721183474701235
2021-10-04,1.3584963374279808
2021-10-05,1.29123891563912
2021-10-06,1.222459049770582
2021-10-07,1.1474892831591217
2021-10-08,1.117752795096807
2021-10-11,1.0776272516018224
2021-10-13,1.0604085566213493
2021-10-14,1.126514648685504
2021-10-15,1.2424869336080466
2021-10-18,1.2915200917974152
2021-10-19,1.3301202560538732
2021-10-20,1.475705093373126
2021-10-21,1.4313575694037388
2021-10-22,1.5683571242409722
2021-10-25,1.5277640186270112
2021-10-26,1.533555342116776
2021-10-27,1.584313869884516
2021-10-28,1.624428337908787
2021-10-29,1.7028991811436933
2021-11-01,1.6651189528223695
2021-11-03,1.6943305107444826
2021-11-04,1.6480868811044367
2021-11-05,1.6635236295454305
2021-11-08,1.607440100765684
2021-11-09,1.5856006327038865
2021-11-10,1.581843928517418
2021-11-11,1.7444455434796633
2021-11-12,1.7722871493865635
2021-11-16,1.8702694078026754
2021-11-17,1.8651209161259734
2021-11-18,1.8908041529360944
2021-11-19,1.8310294009972023
2021-11-22,1.8108635114766694
2021-11-23,1.90596092404309
2021-11-24,1.9716095373849654
2021-11-25,1.9487416063310055
2021-11-26,1.8704086880862634
2021-11-29,2.3037918833302213
2021-11-30,2.9306935955119724
2021-12-01,3.0294604467644026
2021-12-02,2.6458745601278073
2021-12-03,2.152940836913725
2021-12-06,1.7425730373497652
2021-12-07,1.7319425240356126
2021-12-08,1.750911256467648
2021-12-09,1.7007587591100537
2021-12-10,1.630525512940053
2021-12-13,1.6262631465242947
2021-12-14,1.5859345098888697
2021-12-15,1.5810732779794305
2021-12-16,1.554663255537352
2021-12-17,1.5549332362304888
2021-12-20,1.5848403400351936
2021-12-21,1.7179802382214693
2021-12-22,1.748375994015863
2021-12-23,1.7360245850832465
2021-12-27,1.681715589406542
2021-12-28,1.6107754632247422
2021-12-29,1.5769278881394773
2021-12-30,1.5588527515243462
2022-01-03,1.5859193917753476
2022-01-04,1.6091934874354157
2022-01-05,1.6885391152618463
2022-01-06,1.8536637354455825
2022-01-07,2.160307432357861
2022-01-10,2.0466487288523276
2022-01-11,2.0450537343931576
2022-01-12,1.9077153523139707
2022-01-13,1.8864987822099413
2022-01-14,1.8847004911767438
2022-01-17,1.8786859774465527
2022-01-18,1.988022937564292
2022-01-19,2.2159672415040395
2022-01-20,2.2651031945840896
2022-01-21,2.2297815011881132
2022-01-24,2.238037765792579
2022-01-25,2.256126718256973
2022-01-26,2.3122505999089644
2022-01-27,2.617424684105539
2022-01-28,3.5775486605214475
2022-01-31,3.8401154035094307
2022-02-01,3.397272042008436
2022-02-02,3.576051383794997
2022-02-03,3.183959741484743
2022-02-04,3.0603518720257443
2022-02-07,2.97001047209379
2022-02-08,3.0238168285360008
2022-02-09,3.0478695895340713
2022-02-10,3.1367272442107996
2022-02-11,3.65389199547868
2022-02-14,5.331334069600072
2022-02-15,2.1367402490863334
2022-02-16,1.801501083304532
2022-02-17,1.6457778536820142
2022-02-18,1.5567429899326541
2022-02-21,1.5024735882104898
2022-02-22,1.4722463773593946
2022-02-23,1.4261708214912905
2022-02-24,1.9696631756447787
2022-02-25,1.9440226583018188
2022-03-02,1.8165190214169142
2022-03-03,1.5850736737789723
2022-03-04,1.6569243547423398
2022-03-07,1.7250840611479867
2022-03-08,1.792717262592116
2022-03-09,1.8284090398319677
2022-03-10,1.7529347681130785
2022-03-11,1.7049394888116176
2022-03-14,1.7364197762632139
2022-03-15,1.997962383562417
2022-03-16,2.1892488922303386
2022-03-17,2.377920213702752
2022-03-18,2.486068397936979
2022-03-21,2.559126383928776
2022-03-22,2.505911934423796
2022-03-23,2.4790488327741462
2022-03-24,2.401954823709328
2022-03-25,2.354954384460475
2022-03-28,2.3190804405428693
2022-03-29,2.234228543674237
2022-03-30,2.035535363084153
2022-03-31,1.9877454648463595
2022-04-01,1.8842303733271877
2022-04-04,1.8258374172125886
2022-04-05,1.7815892925778887
2022-04-06,1.6885910190393152
2022-04-07,1.6680686429090263
2022-04-08,1.6031949637688723
2022-04-11,1.5862972203240604
2022-04-12,1.580868292775295
2022-04-13,1.5232241285948147
2022-04-14,1.5536029344240436
2022-04-18,1.5340025242640425
2022-04-19,1.5395150306844751
2022-04-20,1.5375632122107135
2022-04-22,1.5600029575034429
2022-04-25,1.6260733643531284
2022-04-26,1.7237924802036229
2022-04-27,1.7767308252053966
2022-04-28,1.9247887834752757
2022-04-29,2.017763231104181
2022-05-02,2.135142750852608
2022-05-03,2.1832106915723535
2022-05-04,2.223438758804181
2022-05-05,2.2660706643301984
2022-05-06,2.2299439002464276
2022-05-09,2.4377609002953253
2022-05-10,2.5343789479994276
2022-05-11,2.6014292313129124
2022-05-12,2.5577903291519277
2022-05-13,2.3736349151130196
2022-05-16,2.3104422667493942
2022-05-17,2.2402082037636193
2022-05-18,2.237146503789107
2022-05-19,2.1353286584019413
2022-05-20,2.1049614978478473
2022-05-23,2.1283238463290965
2022-05-24,2.076405294441652
2022-05-25,2.10723471603482
2022-05-26,2.034996411329336
2022-05-27,2.0350256946733056
2022-05-30,2.009532507003143
2022-05-31,2.143643527053406
2022-06-01,2.5752172251045775
2022-06-02,2.679637845524206
2022-06-03,2.643859286468238
2022-06-06,2.6564940663855507
2022-06-07,2.555307105030321
2022-06-08,2.4630691603254578
2022-06-09,2.2894219823680175
2022-06-10,2.632653432969259
2022-06-13,2.599950518559816
2022-06-14,2.5592484267149
2022-06-15,2.2137372550382484
2022-06-17,2.1910642919049916
2022-06-20,2.48223690628308
2022-06-21,2.4059818258191537
2022-06-22,2.277344340253829
2022-06-23,2.3412770742898816
2022-06-24,2.2747411347253848
2022-06-27,2.2337621563002066
2022-06-28,2.1718543112573614
2022-06-29,2.3278318447133435
2022-06-30,2.4399872091358104
2022-07-01,2.165391207639574
2022-07-04,2.212395399501264
2022-07-05,1.9827648537940208
2022-07-06,1.8646594692785114
2022-07-07,1.732384890950313
2022-07-08,1.6080809045871367
2022-07-11,1.6199898083736548
2022-07-12,1.5400385524400506
2022-07-13,1.5051434383996662
2022-07-14,1.3966385524072138
2022-07-15,1.4121418962727852
2022-07-18,1.3839584869335415
2022-07-19,1.350880359914656
2022-07-20,1.3245541952079993
2022-07-21,1.2866876874255693
2022-07-22,1.2852235436792705
2022-07-25,1.3358827086453982
2022-07-26,1.3275895742099142
2022-07-27,1.2953213784878097
2022-07-28,1.3560689670669637
2022-07-29,1.3162100480271366
2022-08-01,1.3290561387607842
2022-08-02,1.3280834165853108
2022-08-03,1.3030675502406817
2022-08-04,1.3191800446961164
2022-08-05,1.302693105495627
2022-08-08,1.282198652874584
2022-08-09,1.3464048238170938
2022-08-10,1.3958005478355207
2022-08-11,1.6627501396380187
2022-08-12,1.4563356315402927
2022-08-15,1.3333839109784835
2022-08-16,1.25045881064828
2022-08-17,1.3480120781727118
2022-08-18,1.3106135139063289
2022-08-19,1.3880216982109472
2022-08-22,1.427752889015305
2022-08-23,1.4695037160306321
2022-08-24,1.5766295979947997
2022-08-25,1.54102440230375
2022-08-26,1.5303346186495803
2022-08-29,1.5597823647223952
2022-08-30,1.58778968326824
2022-08-31,1.6497932864669733
2022-09-01,1.7572203677278022
2022-09-02,3.0971188518593546
2022-09-05,4.44086765114259
2022-09-06,3.927792282397672
2022-09-08,2.0965066441277624
2022-09-09,1.1794366784358583
2022-09-12,1.1129317766473328
2022-09-13,1.053220586738458
2022-09-14,1.0552400916890767
2022-09-15,1.0398213002069825
2022-09-16,1.0908145215205314
2022-09-19,1.2094567422010989
2022-09-20,1.2993638401626726
2022-09-21,1.2665295315023906
2022-09-22,1.2111694696171948
2022-09-23,1.0918914319777258
2022-09-26,1.02451044237489
2022-09-27,1.013975178428116
2022-09-28,0.983893689379106
2022-09-29,1.05602125175795
2022-09-30,1.0611701384242698
2022-10-03,1.0252157067245995
2022-10-04,0.9210579337248764
2022-10-05,0.9589994276266359
2022-10-06,1.0826197954641084
2022-10-07,1.1350924899913006
2022-10-10,1.235266972671415
2022-10-11,1.254762183512204
2022-10-13,1.1553560557122862
2022-10-14,1.0446692632431893
2022-10-17,1.0351492571693879
2022-10-18,1.0121481791151545
2022-10-19,0.9650991731361013
2022-10-20,0.9495901578232819
2022-10-21,1.0948265654166576
2022-10-24,1.090212047092989
2022-10-25,1.1135453484163438
2022-10-26,1.082385368117021
2022-10-27,1.4268129815676778
2022-10-28,1.5168379307116577
2022-10-31,1.645186712852682
2022-11-01,1.5683545275000865
2022-11-03,1.5776948850387869
2022-11-04,1.7233034748469396
2022-11-07,1.5657008298891792
2022-11-08,1.6498384381119071
2022-11-09,1.6312877509553534
2022-11-10,1.6131649943227007
2022-11-11,1.7486312713504617
2022-11-14,1.9166560463677076
2022-11-16,1.9473318933668697
2022-11-17,1.9260527291640377
2022-11-18,1.986201802447005
2022-11-21,2.138232589404111
2022-11-22,2.192595092914544
2022-11-23,2.128092708341287
2022-11-24,2.0826577055782387
2022-11-25,2.000821450943115
2022-11-28,1.9561274985926618
2022-11-29,1.9433594724700232
2022-11-30,2.2409000585561816
2022-12-01,2.446184649860832
2022-12-02,2.490464267427237
2022-12-05,2.266738191882088
2022-12-06,1.9532971623364956
2022-12-07,1.8951220050918718
2022-12-08,1.844959212994476
2022-12-09,1.7412940763792772
2022-12-12,1.7586621455392444
2022-12-13,1.6154297415841892
2022-12-14,1.6491989787027772
2022-12-15,1.6395772447549362
2022-12-16,1.6159978696813717
2022-12-19,1.5659774926632921
2022-12-20,1.6173888215703303
2022-12-21,1.9181112065492734
2022-12-22,2.042066118006057
2022-12-23,2.218456079409315
2022-12-26,2.5505581651138525
2022-12-27,2.569371669878102
2022-12-28,1.7998949642674178
2022-12-29,1.642780410198908
2023-01-02,1.60130080581624
2023-01-03,1.610058400576254
2023-01-04,1.5784306776941497
2023-01-05,1.6214339240748334
2023-01-06,1.7577753830992064
2023-01-09,1.7775097398063213
2023-01-10,1.904819077104535
2023-01-11,2.0088422980178655
2023-01-12,2.93459810617445
2023-01-13,3.9470082982101857
2023-01-16,2.8871487989939495
2023-01-17,2.605020441693346
2023-01-18,2.340809219546832
2023-01-19,2.1710407141358257
2023-01-20,2.039717179715708
2023-01-23,1.9681478755110924
2023-01-24,1.9539107801751445
2023-01-25,1.853631980676904
2023-01-26,1.8118479413887323
2023-01-27,1.7590540878815233
2023-01-30,1.736707571971193
2023-01-31,1.7071720130149803
2023-02-01,1.6851557797888215
2023-02-02,1.7420503893628823
2023-02-03,1.6989095252229105
2023-02-06,1.8371955411902108
2023-02-07,1.6309882223535443
2023-02-08,1.5327414712690757
2023-02-09,1.5696726239525358
2023-02-10,1.5957590207895664
2023-02-13,1.611514490187124
2023-02-14,1.604785715081265
2023-02-15,1.570147560687834
2023-02-16,1.6536547297102855
2023-02-17,1.6646097828142523
2023-02-22,1.6209477961846777
2023-02-23,1.5834724473787665
2023-02-24,1.6146063835362512
2023-02-27,1.6226587946405928
2023-02-28,1.8027667742508322
2023-03-01,1.8791406395533266
2023-03-02,1.906812877032335
2023-03-03,1.882395613208013
2023-03-06,1.793941017752302
2023-03-07,1.7700620239777254
2023-03-08,1.7972042773372234
2023-03-09,1.8300694813667968
2023-03-10,1.8317022151927136
2023-03-13,1.7622314966924524
2023-03-14,1.9763916483958222
2023-03-15,1.928544481805334
2023-03-16,1.8409071469707587
2023-03-17,1.8222873976026936
2023-03-20,1.805000039590639
2023-03-21,1.9975120062721574
2023-03-22,1.8034086398886102
2023-03-23,1.6641943958861558
2023-03-24,1.6215799636882902
2023-03-27,1.5629457224075645
2023-03-28,1.5249849593473979
2023-03-29,1.5192926272230114
2023-03-30,1.5517583832751947
2023-03-31,1.476514895902588
2023-04-03,1.4450071233142547
2023-04-04,1.3833278958724076
2023-04-05,1.3487603128742323
2023-04-06,1.3528253471750225
2023-04-10,1.324359315844788
2023-04-11,1.321477013971806
2023-04-12,1.3038224055229803
2023-04-13,1.3032891916559428
2023-04-14,1.3072709149290427
2023-04-17,1.3941560728419389
2023-04-18,1.493711574615093
2023-04-19,1.5802722878722766
2023-04-20,1.5595158466577852
2023-04-24,1.5990398708420208
2023-04-25,1.6167166356580172
2023-04-26,1.5419615290400273
2023-04-27,1.551064768498225
2023-04-28,1.5029563195568714
2023-05-02,1.4885732181952398
2023-05-03,1.5001435662521596
2023-05-04,1.5395854395064763
2023-05-05,1.464493344053048
2023-05-08,1.4446713098890511
2023-05-09,1.413638443386476
2023-05-10,1.4007257233801795
2023-05-11,1.33134950310548
2023-05-12,1.2602853611066474
2023-05-15,1.234372407113806
2023-05-16,1.2197846241935304
2023-05-17,1.2371183239666648
2023-05-18,1.1691489688272325
2023-05-19,1.154430357755254
2023-05-22,1.1574880180980682
2023-05-23,1.1766159404146102
2023-05-24,1.166229467665342
2023-05-25,1.1753374018718967
2023-05-26,1.1608537060828883
2023-05-29,1.158045802788163
2023-05-30,1.1433390334186229
2023-05-31,1.1260076508483163
2023-06-01,1.0900554111919338
2023-06-02,1.0832405159062999
2023-06-05,1.0929545835231524
2023-06-06,1.1183265333854029
2023-06-07,1.2975158552819188
2023-06-09,1.2283096374843032
2023-06-12,1.3062017782450233
2023-06-13,1.3511521725676094
2023-06-14,1.3541003145389072
2023-06-15,1.1858070084894852
2023-06-16,1.2076432940762496
2023-06-19,1.2789607906679052
2023-06-20,1.2581194020603919
2023-06-21,1.265988977091986
2023-06-22,1.2675797445153474
2023-06-23,1.4439754474197866
2023-06-26,1.4876583155676155
2023-06-27,1.4453958333113237
2023-06-28,1.1143692491589257
2023-06-29,1.056031590011157
2023-06-30,1.0248321542028085
2023-07-03,1.0427077189696798
2023-07-04,0.9084937302104551
2023-07-05,0.920025956912403
2023-07-06,0.9064502731205748
2023-07-07,0.940047554450384
2023-07-10,0.9473932308743752
2023-07-11,1.0077372249569905
2023-07-12,1.0134488301677596
2023-07-13,1.038853866808088
2023-07-14,1.0989533618785614
2023-07-17,1.0058758398646659
2023-07-18,1.021008215887917
2023-07-19,0.8889946646232778
2023-07-20,0.8569073139171854
2023-07-21,0.8376555841993971
2023-07-24,0.8069724401476965
2023-07-25,0.7843782000070196
2023-07-26,0.8661857016470247
2023-07-27,0.8687435799743336
2023-07-28,0.8685297334835663
2023-07-31,0.9924092553880198
2023-08-01,0.9614772845419278
2023-08-02,0.9370111463216495
2023-08-03,0.9513556884825803
2023-08-04,0.955795322967028
2023-08-07,0.9560738213698158
2023-08-08,0.9087326843893978
2023-08-09,1.0003030771301344
2023-08-10,0.9441389148680761
2023-08-11,1.4090041342775672
2023-08-14,1.5258370104411438
2023-08-15,1.1449066337919676
2023-08-16,1.0957528707873025
2023-08-17,1.2574772047106426
2023-08-18,1.4422372597705047
2023-08-21,1.4774787380788093
2023-08-22,1.7124020316274824
2023-08-23,1.8278938859386633
2023-08-24,1.8786768207636735
2023-08-25,1.7806707838554203
2023-08-28,1.795799174083431
2023-08-29,1.8070367004931491
2023-08-30,1.9688094863773642
2023-08-31,2.1956722595815137
2023-09-01,2.463059857994806
2023-09-04,2.5564800574997153
2023-09-05,2.6153173367502522
2023-09-06,2.4908461869155367
2023-09-08,2.3312429950498728
2023-09-11,2.2362172559918663
2023-09-12,2.0880429346221696
2023-09-13,2.0940234270210163
2023-09-14,2.029507669523842
2023-09-15,2.8969944917100756
2023-09-18,3.2419064636261137
2023-09-19,3.5510434835179385
2023-09-20,2.52759728896211
2023-09-21,1.5910862124121294
2023-09-22,1.3395144401038566
2023-09-25,1.3620615240249623
2023-09-26,1.315904699031695
2023-09-27,1.3081465101222336
2023-09-28,1.2647469686595338
2023-09-29,1.2219102717810513
2023-10-02,1.2365792312769446
2023-10-03,1.1967236648388468
2023-10-04,1.1617533873760812
2023-10-05,1.1454272742127871
2023-10-06,1.0511751066957238
2023-10-09,1.0272506648823478
2023-10-10,1.0432635112917055
2023-10-11,1.1109276808443158
2023-10-13,1.167834502440587
2023-10-16,1.1816419959962439
2023-10-17,1.2109200436638798
2023-10-18,1.1681600317264427
2023-10-19,1.1499194655377714
2023-10-20,1.2599406773156179
2023-10-23,1.2656098290509006
2023-10-24,1.2881555595691652
2023-10-25,1.3109008331408438
2023-10-26,1.6060233113781752
2023-10-27,1.7513328912709893
2023-10-30,1.921849184556994
2023-10-31,2.0522982243949333
2023-11-01,2.071981029282822
2023-11-03,2.0550957528825333
2023-11-06,2.1943592853885963
2023-11-07,2.253470142457158
2023-11-08,2.1587810179023124
2023-11-09,2.09577885998894
2023-11-10,2.0928869441448863
2023-11-13,2.1101299806084852
2023-11-14,2.1331298429489802
2023-11-16,2.08714272363141
2023-11-17,2.099919802691234
2023-11-20,2.014012234349313
2023-11-21,2.1074644902148374
2023-11-22,1.9875012791828583
2023-11-23,1.8881749304135071
2023-11-24,1.4542095012307819
2023-11-27,1.4135305517344692
2023-11-28,1.3504183625220216
2023-11-29,1.323033667798459
2023-11-30,1.262831757981599
2023-12-01,1.1993096966336367
2023-12-04,1.1613553620883232
2023-12-05,1.1684965138599275
2023-12-06,1.2441438998228551
2023-12-07,1.2083470901175872
2023-12-08,1.3547281823709691
2023-12-11,1.3452019284328094
2023-12-12,1.332298193731599
2023-12-13,1.3700644393401964
2023-12-14,1.3959502091951637
2023-12-15,1.2972063643150176
2023-12-18,1.2020077185469666
2023-12-19,1.1594571766037278
2023-12-20,1.210646991429145
2023-12-21,1.1931731115315207
2023-12-22,1.1350137905441735
2023-12-26,1.1243933490771776
2023-12-27,1.276674356101047
2023-12-28,1.269661447988067
2024-01-02,1.2913561899855963
2024-01-03,1.2475765573556201
2024-01-04,1.2253969612507896
2024-01-05,1.10448043164389
2024-01-08,1.104712973230534
2024-01-09,1.0583119540340364
2024-01-10,1.043312606466462
2024-01-11,0.9941052169667203
2024-01-12,0.9730212666944695
2024-01-15,0.9704566252907859
2024-01-16,1.063828904779466
2024-01-17,1.144224425532063
2024-01-18,1.1984095872784601
2024-01-19,1.1987290646391002
2024-01-22,1.1122802336788797
2024-01-23,1.0968910021552638
2024-01-24,1.0810345791759057
2024-01-25,1.031376661696726
2024-01-26,1.0720596294635958
2024-01-29,1.1184658556618492
2024-01-30,1.279290390433301
2024-01-31,1.3104382041202893
2024-02-01,1.1069045496889343
2024-02-02,0.9771018544434743
2024-02-05,0.9252894094190648
2024-02-06,0.9317943313872592
2024-02-07,0.9555502263055199
2024-02-08,0.9480595613600822
2024-02-09,0.9463277136288362
2024-02-14,0.956137763565709
2024-02-15,0.9228558938805802
2024-02-16,0.8944318471869348
2024-02-19,0.850300202859564
2024-02-20,0.8171057596083384
2024-02-21,0.8284745826211374
2024-02-22,1.1302867884584802
2024-02-23,0.9149237233187993
2024-02-26,0.943011775108096
2024-02-27,0.9654790082684763
2024-02-28,0.9258777064974815
2024-02-29,0.8846332568225623
2024-03-01,0.9540978872699806
2024-03-04,1.0143254980132113
2024-03-05,1.086638347993262
2024-03-06,1.0551825227822529
2024-03-07,1.0844556301330768
2024-03-08,0.9760511852018782
2024-03-11,0.8913833555059549
2024-03-12,0.6939986754194248
2024-03-13,0.907240302719817
2024-03-14,1.2133597854443472
2024-03-15,1.348865074150774
2024-03-18,1.19757489888952
2024-03-19,0.8351723464641854
2024-03-20,1.0078038952039376
2024-03-21,1.1005574182004738
2024-03-22,1.0887578154299389
2024-03-25,1.1992001740599307
2024-03-26,1.141672764375881
2024-03-27,1.2668272554786657
2024-03-28,1.255160468839026
2024-04-01,1.2632751271724845
2024-04-02,1.3252129397911865
2024-04-03,1.192799398555842
2024-04-04,1.1258247912843082
2024-04-05,1.1142959329322946
2024-04-08,1.0792779482542072
2024-04-09,1.0567568543544417
2024-04-10,1.0290805075546081
2024-04-11,1.1098072005041573
2024-04-12,1.0984946448779593
2024-04-15,1.0899008537373642
2024-04-16,1.3854435084922032
2024-04-17,1.3300685899498925
2024-04-18,1.3766781726483635
2024-04-19,1.1681764718377303
2024-04-22,1.5340692420932425
2024-04-23,1.9608837139711264
2024-04-24,1.8371988393518213
2024-04-25,1.6987419757534972
2024-04-26,1.4703113495314433
2024-04-29,1.4489496526897787
2024-04-30,1.4136259904281812
2024-05-02,1.4054992814326666
2024-05-03,1.403183134017964
2024-05-06,1.4016771439691136
2024-05-07,1.4238131071950755
2024-05-08,1.3647883047543354
2024-05-09,1.372173089635997
2024-05-10,1.4135572430768146
2024-05-13,1.4550835621750235
2024-05-14,1.5369917923838172
2024-05-15,1.5881450182712635
2024-05-16,1.5522785418573137
2024-05-17,1.5193578583488312
2024-05-20,1.4693140373479001
2024-05-21,1.4632079854923148
2024-05-22,1.5197116492127989
2024-05-23,1.518001391594368
2024-05-24,1.5049595922233119
2024-05-27,1.4834390210321058
2024-05-28,1.4777868064787012
2024-05-29,1.5018536569452134
2024-05-31,1.5195900110024545
2024-06-03,1.4948151876663955
2024-06-04,1.418706552666967
2024-06-05,1.4016141419312635
2024-06-06,1.3747787378139575
2024-06-07,1.2738176824044696
2024-06-10,1.2292754266209127
2024-06-11,1.1895625896621624
2024-06-12,1.2252573334824934
2024-06-13,1.1556225587401117
2024-06-14,1.115048149673895
2024-06-17,1.1490389825825702
2024-06-18,1.1398440534386567
2024-06-19,1.1382229119201015
2024-06-20,1.1423049693950904
2024-06-21,1.1343115529556587
2024-06-24,1.078528011168714
2024-06-25,1.183601716298669
2024-06-26,1.1340775715788138
2024-06-27,1.0706095165289633
2024-06-28,1.1668798120915427
2024-07-01,1.174096219049099
2024-07-02,1.2118392137604097
2024-07-03,1.3302866627012337
2024-07-04,1.5527053263340673
2024-07-05,1.6477041518221491
2024-07-08,1.741563768841979
2024-07-09,1.7665017938967402
2024-07-10,1.8184690081709851
2024-07-11,1.769196439477412
2024-07-12,2.0030360075043507
2024-07-15,2.119596890258231
2024-07-16,2.0859166133151836
2024-07-17,2.158910130936542
2024-07-18,2.291798378745602
2024-07-19,2.643232965279974
2024-07-22,2.585809858406108
2024-07-23,2.5027966012849094
2024-07-24,2.3235040558499094
2024-07-25,2.2246149828388058
2024-07-26,2.0052032280546284
2024-07-29,1.9819884888543469
2024-07-30,2.178459609908978
2024-07-31,2.5493126130536496
2024-08-01,2.9104430160061963
2024-08-02,3.189008855165961
2024-08-05,3.348785169376907
2024-08-06,3.4759302514795243
2024-08-07,3.555613779265896
2024-08-08,3.557219032346434
2024-08-09,3.417565129086095
2024-08-12,3.230974566553009
2024-08-13,3.2364081788552252
2024-08-14,3.21778957384763
2024-08-15,3.275245416998988
2024-08-16,2.9955391582548696
2024-08-19,2.7634438818794775
2024-08-20,2.468984294790992
2024-08-21,2.314442851362039
2024-08-22,2.18459231968558
2024-08-23,2.082429170386155
2024-08-26,1.9910082419764623
2024-08-27,1.8784197890322512
2024-08-28,1.903356413165543
2024-08-29,1.3517099714128509
2024-08-30,1.3787295648234816
2024-09-02,1.8034675098761546
2024-09-03,2.222897841220559
2024-09-04,2.571699409149821
2024-09-05,2.4361283215668474
2024-09-06,2.3098040707074863
2024-09-09,2.266879271502955
2024-09-10,2.0892940977722767
2024-09-11,1.9435264620689194
2024-09-12,1.7310267447324525
2024-09-13,1.6710196870042258
2024-09-16,1.5602342684592587
2024-09-17,1.6571459311824845
2024-09-18,2.1416861554320787
2024-09-19,2.0038397534516452
2024-09-20,1.7958324611964038
2024-09-23,1.7122977855836212
2024-09-24,1.6007031887272445
2024-09-25,1.56395216855633
2024-09-26,1.5349059942338363
2024-09-27,1.6362727922277096
2024-09-30,1.5988128568714903
2024-10-01,1.5485037726916566
2024-10-02,1.5771031958641044
2024-10-03,1.499265141214974
2024-10-04,1.4048929758888122
2024-10-07,1.54019915163954
2024-10-08,1.4996859056672391
2024-10-09,1.47536382195162
2024-10-10,1.4541976756710435
2024-10-11,1.5819147913901104
2024-10-14,1.58074841681685
2024-10-15,1.5829799385704508
2024-10-16,1.6992381724847436
2024-10-17,1.6347038669599767
2024-10-18,1.6079838408741043
2024-10-21,1.6837396130288653
2024-10-22,1.7012255685794415
2024-10-23,1.747680944375094
2024-10-24,1.5408667708800219
2024-10-25,1.556566643802757
2024-10-28,1.6301206962688477
2024-10-29,1.7570267315000454
2024-10-30,1.7041574935784234
2024-10-31,1.349695771587764
2024-11-01,1.5151133347969348
2024-11-04,2.4489778929440074
2024-11-05,2.6272564352377072
2024-11-06,2.923195799889302
2024-11-07,3.391886964949944
2024-11-08,2.9816795813658095
2024-11-11,2.6686172953779668
2024-11-12,2.5420145855430247
2024-11-13,2.6121516390301136
2024-11-14,2.487166094408537
2024-11-18,2.513697217464003
2024-11-19,2.5031069242379242
2024-11-21,2.612432166616597
2024-11-22,2.721478348860629
2024-11-25,2.7692058188401076
2024-11-26,2.705276538544461
2024-11-27,2.3736958527335026
2024-11-28,2.2684823828142635
2024-11-29,2.0966053062252783
2024-12-02,1.9700624919881309
2024-12-03,2.0440176134462122
2024-12-04,2.4913105105336326
2024-12-05,2.7763217052908358
2024-12-06,3.351342072923115
2024-12-09,3.0734055442881103
2024-12-10,3.2111500956800216
2024-12-11,3.125499286888029
2024-12-12,3.303274882049489
2024-12-13,2.883414506174096
2024-12-16,2.8033232624223543
2024-12-17,2.5385556568503116
2024-12-18,2.868987804793444
2024-12-19,2.754621823335472
2024-12-20,2.612666041360356
2024-12-23,2.8312718157224808
2024-12-26,2.7229731989121992
2024-12-27,2.888361177444203
2024-12-30,2.755306995827966
2025-01-02,2.8141896339516443
2025-01-03,2.8346866501041905
2025-01-06,2.8538830460675566
2025-01-07,2.6771762741805785
2025-01-08,2.5205193509798436
2025-01-09,2.44743019400145
2025-01-10,3.323193994947281
2025-01-13,2.448267290899408
2025-01-14,2.246744398865598
2025-01-15,2.175154914311425
2025-01-16,2.0246487462014127
2025-01-17,1.9648792080092095
2025-01-20,1.865927549517286
2025-01-21,1.8170105976779245
2025-01-22,1.7385774452716425
2025-01-23,1.7033134493854156
2025-01-24,1.672538858664536
2025-01-27,1.6407363067944896
2025-01-28,1.5853897223914364
2025-01-29,1.5724661607972272
2025-01-30,1.5433069329116387
2025-01-31,1.5946072449530153
2025-02-03,1.5275739280842433
2025-02-04,1.5333354806172326
2025-02-05,1.5183264824533866
2025-02-06,1.490904357861771
2025-02-07,1.5004130422978785
2025-02-10,1.4887705950702874
2025-02-11,1.4763099268298578
2025-02-12,1.4735898220040242
2025-02-13,1.6075016384975813
2025-02-14,1.5894826933370299
2025-02-17,1.7465757221861171
2025-02-18,1.6878179598172984
2025-02-19,1.5992096330076804
2025-02-20,1.4929953952438355
2025-02-21,1.48948225196275
2025-02-24,1.4795435601607954
2025-02-25,1.4938473434406976
2025-02-26,1.4892814393737204
2025-02-27,1.4665865617788048
2025-02-28,1.5452443448754005
2025-03-05,1.7598300647495866
2025-03-06,1.9189635873073583
2025-03-07,2.0200134291320095
2025-03-10,1.9450412138498063
2025-03-11,1.9964163874367118
2025-03-12,1.8854994236857974
2025-03-13,2.1143344048549277
2025-03-14,2.130436376234429
2025-03-17,2.47119493731691
2025-03-18,2.9388696063527275
2025-03-19,3.3992704076084213
2025-03-20,2.824336516394977
2025-03-21,2.6502666535093766
2025-03-24,2.365288694633847
2025-03-25,2.2999764329531134
2025-03-26,2.0429880933492837
2025-03-27,1.9643567592589544
2025-03-28,1.8622842402480966
2025-03-31,1.8422357026637084
2025-04-01,1.7058164423541102
2025-04-02,1.6886429216959555
2025-04-03,1.7141666985727193
2025-04-04,1.6059771894796961
2025-04-07,1.6632600604903556
2025-04-08,1.6691124983785242
2025-04-09,1.8002503072691174
2025-04-10,1.8597773985157837
2025-04-11,2.194241833857917
2025-04-14,2.3327768034341467
2025-04-15,2.3877705358846657
2025-04-16,2.871262224200369
2025-04-17,3.008214562752842
2025-04-22,3.044093022330589
2025-04-23,3.3355841349445092
2025-04-24,3.278698333025178
2025-04-25,3.4874152215971033
2025-04-28,3.5890651996721132
2025-04-29,3.813199290144122
2025-04-30,3.0242224129838764
2025-05-02,2.5024445728518625
2025-05-05,2.2889226355979657
2025-05-06,2.009727979887035
2025-05-07,1.9545939725635946
2025-05-08,1.850936968535605
2025-05-09,1.7317264734101026
2025-05-12,1.6323035827745676
2025-05-13,1.492523506872031
2025-05-14,1.415000670871101
2025-05-15,1.5647109122557563
2025-05-16,1.8596204304656785
2025-05-19,2.171003636626643
2025-05-20,2.1839102678498774
2025-05-21,2.11535867524872
2025-05-22,2.0071123077286104
2025-05-23,1.8163132394788912
2025-05-26,1.5631991939457721
2025-05-27,1.4936598109087602
2025-05-28,1.3918063470108355
2025-05-29,1.3250707954977519
2025-05-30,1.2718103151942546
2025-06-02,1.256436162452051
2025-06-03,1.2447153456642353
2025-06-04,1.1623521678343236
2025-06-05,1.1713554235942614
2025-06-06,1.150889254321679
2025-06-09,1.1117921424144466
2025-06-10,1.0667347983604034
2025-06-11,1.218664172533989
2025-06-12,1.2653176385224556
2025-06-13,99.45020046511351
2025-06-16,92.71754711771655
2025-06-17,1.3149507609289415
2025-06-18,1.244724229964393
2025-06-20,1.2767048244431942
2025-06-23,1.5054909126472986
2025-06-24,1.7547137178414813
2025-06-25,1.6649132997734126
2025-06-26,1.8537184019828665
2025-06-27,1.5916183457939104
2025-06-30,1.5895596392970393
2025-07-01,1.413165339480872
2025-07-02,1.3726188471697618
2025-07-03,1.33752514524872
2025-07-04,1.3280971687716043
2025-07-07,1.4149190584152496
2025-07-08,1.491785863468084
2025-07-09,1.6446879329631692
2025-07-10,1.8941067467728667
2025-07-11,2.239198727477182
2025-07-14,2.0245218962604845
2025-07-15,1.9768655707100622
2025-07-16,1.863429879665775
2025-07-17,1.8446506258502346
2025-07-18,1.7382961245011372
2025-07-21,1.6552746426467166
2025-07-22,1.6228573586229407
2025-07-23,1.6226601071756712
2025-07-24,1.523057818550488
2025-07-25,1.4623362378724825
2025-07-28,1.5393489134171927
2025-07-29,1.4967453235149604
2025-07-30,1.4127088719608514
2025-07-31,1.547090345514154
2025-08-01,2.051811804341226
2025-08-04,2.2612342036517488
2025-08-05,2.041224454465534
2025-08-06,1.6647189816958947
2025-08-07,1.3920431204422592
2025-08-08,1.2206285007454312
2025-08-11,1.1648094355213874
2025-08-12,1.1722639830181567
2025-08-13,1.12741555460855
2025-08-14,1.1351728313170888
2025-08-15,1.1952443050249355
2025-08-18,1.2080024717591396
2025-08-19,0.7306977007890735
2025-08-20,1.3691498628035486
2025-08-21,1.420370101417451
2025-08-22,1.4624080098720775
2025-08-25,1.6303453122912
2025-08-26,1.630740090837155
2025-08-27,1.555120480773203
2025-08-28,1.3230105162900248
2025-08-29,1.2129416478577784
2025-09-01,1.1993815876042042
2025-09-02,1.1847694303179337
2025-09-03,1.151436398196359
2025-09-04,1.1127811404378907
2025-09-05,1.1244918308696565
2025-09-08,1.137769307355765
2025-09-09,1.134413405261405
2025-09-10,1.1708181068005374
2025-09-11,1.154053832617611
2025-09-12,1.1975734146349535
2025-09-15,1.1901137013237395
2025-09-16,1.4111861415657225
2025-09-17,1.6540341745749334
2025-09-18,1.7717174239142388
2025-09-19,2.6817680676564017
2025-09-22,3.2117699332785916
2025-09-23,2.737070718450263
2025-09-24,2.239849764857611
2025-09-25,2.2791799228691083
2025-09-26,1.8669450393234461
2025-09-29,1.5462534866656508
2025-09-30,1.5270337301335724
2025-10-01,1.4544067289978087
2025-10-02,1.4122510334735416
2025-10-03,1.3476975174399763
2025-10-06,1.2806971660846822
2025-10-07,1.2078410778141124
2025-10-08,1.1343103753430577
2025-10-09,1.0534918792421646
2025-10-10,0.9963064434619693
2025-10-13,0.9501629323553922
2025-10-14,0.9209167229399676
2025-10-15,0.8130728607263542
2025-10-16,0.7888534469615216
2025-10-17,0.7918613503912881
2025-10-20,0.7566483173431375
2025-10-21,0.8039240186795594
2025-10-22,0.7683787002796467
2025-10-23,0.7552558315269757
2025-10-24,0.7610076224470209
2025-10-27,0.9615728902362645
2025-10-28,1.217890335852848
2025-10-29,1.3035636841931493
2025-10-30,1.3399089888390971
2025-10-31,1.3113529175249699
2025-11-03,1.260019534366349
2025-11-04,1.3326344304892117
2025-11-05,1.300323902943454
2025-11-06,1.254124310906186
2025-11-07,1.2327942843075244
2025-11-10,1.2014854539465576
2025-11-11,1.1770957793524743
2025-11-12,1.1060157997687865
2025-11-13,1.2457737338452834
2025-11-14,1.5412565114558072
2025-11-17,1.7826584635666318
2025-11-18,1.7803904106290769
2025-11-19,1.6869377788003441
2025-11-21,1.5209698798293394
2025-11-24,1.646303875118261
2025-11-25,1.5733975272575758
2025-11-26,1.4616437213224749
2025-11-27,1.3441079793619877
2025-11-28,1.2603454791496738
2025-12-01,1.184929757719638
2025-12-02,1.1686124376695726
2025-12-03,1.1300013119967507
2025-12-04,1.084417866142777
2025-12-05,1.0369603915248025
2025-12-08,1.0080276755923103
2025-12-09,0.9933916908050112
2025-12-10,1.0084114114163445
2025-12-11,1.069238171267678
2025-12-12,1.0426011265736863
2025-12-15,1.0058499890159425
2025-12-16,0.9510583658324975
2025-12-17,0.9366613824877272
2025-12-18,0.9658976582668417
2025-12-19,1.1311684245111684
2025-12-22,1.1349754124716471
2025-12-23,1.477200436767012
2025-12-26,1.7610653394216789
2025-12-29,1.8525382239318833
2025-12-30,1.862199604796779
2026-01-02,1.899527860200462
2026-01-05,1.9702083249069733
2026-01-06,1.8454761795066006
2026-01-07,1.8106480252069028
2026-01-08,1.695489645766567
2026-01-09,1.639678248806962
2026-01-12,1.6239615901437836
2026-01-13,1.5652734645935777
2026-01-14,1.5254378979545962
2026-01-15,1.4828439543125114
2026-01-16,1.4890411791970666
2026-01-19,1.477405047754118
2026-01-20,1.4542249321661904
2026-01-21,1.4092259383423504
2026-01-22,1.3239711034612665
2026-01-23,1.2516696325106134
2026-01-26,1.184163793842468
2026-01-27,1.1598531818252695
2026-01-28,1.1002041686383168
2026-01-29,1.0627614327371118
2026-01-30,1.0003870324140849
2026-02-02,0.9628657526077982
2026-02-03,0.9083813315250142
2026-02-04,0.8710070827854933
2026-02-05,0.8718244323221058
2026-02-06,0.8858041530177679
2026-02-09,0.8586598581220025
2026-02-10,0.8356950129885429
2026-02-11,0.7862166950620024
2026-02-12,0.7538230489499445
2026-02-13,0.7479400838378621
2026-02-18,0.7053937791655712
2026-02-19,0.7543246328873018
2026-02-20,0.7269425558814503
2026-02-23,0.8133729996863556
2026-02-24,0.8073298165897403
2026-02-25,0.7853581091245883
2026-02-26,0.8295564571718973
2026-02-27,0.7679381652927828
2026-03-02,0.7327321036277152
2026-03-03,0.7427299077310453
2026-03-04,0.6998071841151299
2026-03-05,0.7460382052344435
2026-03-06,0.738954784051417
2026-03-09,0.7619387405279778
2026-03-10,0.9095655433654
2026-03-11,1.0256039763705391
2026-03-12,1.4427777142263258
2026-03-13,1.597041622043377
2026-03-16,1.7919516766345447
2026-03-17,1.6593658254357047
2026-03-18,1.6652110020704793
2026-03-19,1.6208978851372375
2026-03-20,1.5915943833412842
2026-03-23,1.8839470169861487
2026-03-24,2.3068744018339475
2026-03-25,2.1589358867979036
2026-03-26,1.9077010500301916
2026-03-27,1.903488479654899
2026-03-30,1.7602269291252945
2026-03-31,1.714450788424012
2026-04-01,1.6473303689940546
2026-04-02,1.6148711699018445
2026-04-06,1.5095958274720154
2026-04-07,1.4683254219477728
2026-04-08,1.4087885532643947
2026-04-09,1.3411366709500536
2026-04-10,1.26786768065931
2026-04-13,1.1935057962489537
2026-04-14,1.1723699843076063
2026-04-15,1.1201507432488835
2026-04-16,1.1270625028380183
2026-04-17,1.1637142222506083
2026-04-20,1.1872144269719167
2026-04-22,1.3771969141962455
2026-04-23,1.7759764549374355
2026-04-24,1.7698007802072357
2026-04-27,1.7567003076162624
2026-04-28,1.8489137159853108
2026-04-29,1.6143002174680814
2026-04-30,1.8779738471605616
2026-05-04,1.4696667066782478
2026-05-05,1.2686374121384594
2026-05-06,1.1160992646885868
2026-05-07,1.023298817594611
2026-05-08,1.1328983423873205
2026-05-11,1.149486588607699
2026-05-12,1.1289491823148383
2026-05-13,1.0867376043100108
2026-05-14,1.3529255501941129
2026-05-15,1.345366363734287
2026-05-18,1.326055894138269
2026-05-19,1.2843818383195282
2026-05-20,1.2518062437604756
2026-05-21,1.323256788134888
2026-05-22,1.2639632715306435
2026-05-25,1.245402609246249
2026-05-26,1.2079699491514793
2026-05-27,1.178542572033244
2026-05-28,1.1704000034961923
2026-05-29,1.1601140021010938
2026-06-01,1.6556767156034395
2026-06-02,1.5955091765402154
2026-06-03,1.4705593247602016
2026-06-05,1.375043601757404
2026-06-08,1.3407539082892286
2026-06-09,1.389736851903086
2026-06-10,1.373585733393739
2026-06-11,1.4018990304327215
2026-06-12,1.5534862365260134
2026-06-15,1.7440627132113824
2026-06-16,1.5161385190993624
2026-06-17,1.3324780752531675
2026-06-18,1.1414163191678914
2026-06-19,1.097920707493851
2026-06-22,1.2393839852640514
2026-06-23,1.3352315620374935
2026-06-24,1.2745882990624484
2026-06-25,1.3900453835372446
2026-06-26,1.3478199607782408
2026-06-29,1.5402857188733272
2026-06-30,1.7562583576641446
2026-07-01,1.944796360319431
2026-07-02,1.8456161498199544
2026-07-03,2.25668015299615
