,year,month,day,yield_week_pc
0,2001,2,2,0.007226557936519384
1,2001,2,9,0.0072531686164438725
2,2001,2,16,0.0073505574837327
3,2001,2,23,0.00760988611727953
4,2001,3,2,0.007516924291849136
5,2001,3,9,0.007501309737563133
6,2001,3,16,0.008050401695072651
7,2001,3,23,0.0084101352840662
8,2001,3,30,0.008424014784395695
9,2001,4,6,0.0069410367868840694
10,2001,4,12,0.006584545597434044
11,2001,4,20,0.006757973227649927
12,2001,4,27,0.006704298779368401
13,2001,5,4,0.00642832275480032
14,2001,5,11,0.006418770179152489
15,2001,5,18,0.006432186346501112
16,2001,5,25,0.006309713702648878
17,2001,6,1,0.006398590747267008
18,2001,6,8,0.006280949804931879
19,2001,6,15,0.00640137679874897
20,2001,6,22,0.006614855490624905
21,2001,6,29,0.0066681355237960815
22,2001,7,6,0.0070397499948740005
23,2001,7,13,0.007195974700152874
24,2001,7,20,0.007187551818788052
25,2001,7,27,0.0071409279480576515
26,2001,8,3,0.006025210022926331
27,2001,8,10,0.005167560186237097
28,2001,8,17,0.005262198392301798
29,2001,8,24,0.00543926702812314
30,2001,8,31,0.005429709330201149
31,2001,9,6,0.008090457879006863
32,2001,9,14,0.009154495783150196
33,2001,9,21,0.009282133542001247
34,2001,9,28,0.009600402787327766
35,2001,10,5,0.01061768177896738
36,2001,10,11,0.01041235402226448
37,2001,10,19,0.009739202447235584
38,2001,10,26,0.00948135182261467
39,2001,11,1,0.00954543985426426
40,2001,11,9,0.008315514773130417
41,2001,11,16,0.008237030357122421
42,2001,11,23,0.00807190127670765
43,2001,11,30,0.008042925037443638
44,2001,12,7,0.012341187335550785
45,2001,12,14,0.012434137985110283
46,2001,12,21,0.012493658810853958
47,2001,12,28,0.012195889838039875
48,2002,1,4,0.011724991723895073
49,2002,1,11,0.011805982328951359
50,2002,1,18,0.012380145490169525
51,2002,1,24,0.012348804622888565
52,2002,2,1,0.012466349638998508
53,2002,2,8,0.011623434722423553
54,2002,2,15,0.011262604966759682
55,2002,2,22,0.011070392094552517
56,2002,3,1,0.011065597645938396
57,2002,3,8,0.013578560203313828
58,2002,3,15,0.013405642472207546
59,2002,3,22,0.01341838389635086
60,2002,3,28,0.013846111483871937
61,2002,4,5,0.01611967198550701
62,2002,4,12,0.015934208407998085
63,2002,4,19,0.01566978730261326
64,2002,4,26,0.01587899774312973
65,2002,5,3,0.016719695180654526
66,2002,5,10,0.01764838770031929
67,2002,5,17,0.017537469044327736
68,2002,5,24,0.017326408997178078
69,2002,5,31,0.01712815649807453
70,2002,6,7,0.017393074929714203
71,2002,6,14,0.017797764390707016
72,2002,6,21,0.019006958231329918
73,2002,6,28,0.019290614873170853
74,2002,7,5,0.01998687908053398
75,2002,7,12,0.019850822165608406
76,2002,7,19,0.019702041521668434
77,2002,7,26,0.021361522376537323
78,2002,8,2,0.02244434505701065
79,2002,8,9,0.022714469581842422
80,2002,8,16,0.023471273481845856
81,2002,8,23,0.023288244381546974
82,2002,8,30,0.021864943206310272
83,2002,9,6,0.019916556775569916
84,2002,9,13,0.019756196066737175
85,2002,9,20,0.020471280440688133
86,2002,9,27,0.021112464368343353
87,2002,10,4,0.020917361602187157
88,2002,10,11,0.020959412679076195
89,2002,10,18,0.02129589579999447
90,2002,10,25,0.019306696951389313
91,2002,11,1,0.018540970981121063
92,2002,11,8,0.018785253167152405
93,2002,11,14,0.01883653551340103
94,2002,11,22,0.018558869138360023
95,2002,11,29,0.01848590187728405
96,2002,12,6,0.019514968618750572
97,2002,12,13,0.019565843045711517
98,2002,12,20,0.019000688567757607
99,2002,12,27,0.018846429884433746
100,2003,1,3,0.01902930811047554
101,2003,1,10,0.019012462347745895
102,2003,1,17,0.0190274678170681
103,2003,1,24,0.019865013659000397
104,2003,1,31,0.020460985600948334
105,2003,2,7,0.01931019499897957
106,2003,2,14,0.019546333700418472
107,2003,2,21,0.01956268399953842
108,2003,2,28,0.019832178950309753
109,2003,3,7,0.015905417501926422
110,2003,3,14,0.016000140458345413
111,2003,3,21,0.015336411073803902
112,2003,3,28,0.015293615870177746
113,2003,4,4,0.019398892298340797
114,2003,4,11,0.02061433158814907
115,2003,4,17,0.020466217771172523
116,2003,4,25,0.020327109843492508
117,2003,5,2,0.021815605461597443
118,2003,5,9,0.02714606001973152
119,2003,5,16,0.02672993391752243
120,2003,5,23,0.02734096720814705
121,2003,5,30,0.026966189965605736
122,2003,6,6,0.02683519385755062
123,2003,6,13,0.026466967537999153
124,2003,6,20,0.02659539133310318
125,2003,6,27,0.0273052379488945
126,2003,7,4,0.027950400486588478
127,2003,7,11,0.027604157105088234
128,2003,7,18,0.027356257662177086
129,2003,7,25,0.026983438059687614
130,2003,8,1,0.02697024866938591
131,2003,8,8,0.027129540219902992
132,2003,8,15,0.02616002783179283
133,2003,8,22,0.025218700990080833
134,2003,8,29,0.024401402100920677
135,2003,9,5,0.02541988529264927
136,2003,9,12,0.025206679478287697
137,2003,9,19,0.02497722953557968
138,2003,9,26,0.025742292404174805
139,2003,10,3,0.02493109554052353
140,2003,10,10,0.023654846474528313
141,2003,10,17,0.023446446284651756
142,2003,10,24,0.023486580699682236
143,2003,10,31,0.02356801927089691
144,2003,11,7,0.03360290825366974
145,2003,11,14,0.033562690019607544
146,2003,11,21,0.033224791288375854
147,2003,11,28,0.03206384927034378
148,2003,12,5,0.03361347317695618
149,2003,12,12,0.03274894878268242
150,2003,12,19,0.032332662492990494
151,2003,12,26,0.030975185334682465
152,2004,1,2,0.031141752377152443
153,2004,1,9,0.030665278434753418
154,2004,1,16,0.031044434756040573
155,2004,1,23,0.03126765042543411
156,2004,1,30,0.0314936600625515
157,2004,2,6,0.03395041450858116
158,2004,2,13,0.032690465450286865
159,2004,2,20,0.03336406871676445
160,2004,2,27,0.03346734493970871
161,2004,3,5,0.034060291945934296
162,2004,3,12,0.03555168956518173
163,2004,3,19,0.035812243819236755
164,2004,3,26,0.03659854084253311
165,2004,4,2,0.03586776182055473
166,2004,4,8,0.03653397783637047
167,2004,4,16,0.037690870463848114
168,2004,4,23,0.039362434297800064
169,2004,4,30,0.04122984781861305
170,2004,5,7,0.049252912402153015
171,2004,5,14,0.05138971284031868
172,2004,5,21,0.05076698213815689
173,2004,5,28,0.048716794699430466
174,2004,6,4,0.04419344291090965
175,2004,6,11,0.042395301163196564
176,2004,6,18,0.04261159524321556
177,2004,6,25,0.04212081804871559
178,2004,7,2,0.04113304615020752
179,2004,7,8,0.04078304395079613
180,2004,7,16,0.0396745465695858
181,2004,7,23,0.03988808020949364
182,2004,7,30,0.03960834816098213
183,2004,8,6,0.03960223123431206
184,2004,8,13,0.03971146419644356
185,2004,8,20,0.037993915379047394
186,2004,8,27,0.0377180241048336
187,2004,9,3,0.036994948983192444
188,2004,9,10,0.03723563253879547
189,2004,9,17,0.036843057721853256
190,2004,9,24,0.036176685243844986
191,2004,10,1,0.036121778190135956
192,2004,10,8,0.03622296079993248
193,2004,10,15,0.037028197199106216
194,2004,10,22,0.037388876080513
195,2004,10,29,0.03712227940559387
196,2004,11,5,0.04159747064113617
197,2004,11,12,0.041539859026670456
198,2004,11,19,0.041074689477682114
199,2004,11,26,0.04048345610499382
200,2004,12,3,0.039442162960767746
201,2004,12,10,0.03915999084711075
202,2004,12,17,0.038203850388526917
203,2004,12,23,0.03793967515230179
204,2004,12,30,0.037388771772384644
205,2005,1,7,0.03267134353518486
206,2005,1,14,0.033141300082206726
207,2005,1,21,0.033639680594205856
208,2005,1,28,0.0336490198969841
209,2005,2,4,0.03048011288046837
210,2005,2,11,0.028081482276320457
211,2005,2,18,0.027783464640378952
212,2005,2,25,0.027101045474410057
213,2005,3,4,0.02637934498488903
214,2005,3,11,0.026002442464232445
215,2005,3,18,0.02690485678613186
216,2005,3,24,0.02806609682738781
217,2005,4,1,0.028878550976514816
218,2005,4,8,0.0299500934779644
219,2005,4,15,0.030757548287510872
220,2005,4,22,0.0314103364944458
221,2005,4,29,0.031256355345249176
222,2005,5,6,0.03331600874662399
223,2005,5,13,0.03405461460351944
224,2005,5,20,0.03411274775862694
225,2005,5,27,0.03413292393088341
226,2005,6,3,0.03145502880215645
227,2005,6,10,0.031329791992902756
228,2005,6,17,0.03072105348110199
229,2005,6,24,0.030813157558441162
230,2005,7,1,0.031200258061289787
231,2005,7,8,0.032439734786748886
232,2005,7,15,0.03163443133234978
233,2005,7,22,0.03152332454919815
234,2005,7,29,0.031502846628427505
235,2005,8,5,0.03241239860653877
236,2005,8,12,0.031820379197597504
237,2005,8,19,0.031437527388334274
238,2005,8,26,0.03147728741168976
239,2005,9,2,0.032040003687143326
240,2005,9,9,0.03261050954461098
241,2005,9,16,0.03219442069530487
242,2005,9,23,0.030982721596956253
243,2005,9,30,0.030709147453308105
244,2005,10,7,0.03568708524107933
245,2005,10,14,0.036302484571933746
246,2005,10,21,0.037400707602500916
247,2005,10,28,0.03691999614238739
248,2005,11,4,0.029362739995121956
249,2005,11,11,0.02711513824760914
250,2005,11,18,0.027070291340351105
251,2005,11,25,0.026313474401831627
252,2005,12,2,0.026194827631115913
253,2005,12,9,0.025801699608564377
254,2005,12,16,0.02578268013894558
255,2005,12,23,0.025810034945607185
256,2005,12,29,0.025745950639247894
257,2006,1,6,0.024879543110728264
258,2006,1,13,0.023842334747314453
259,2006,1,20,0.02327483333647251
260,2006,1,27,0.02264871448278427
261,2006,2,3,0.022413916885852814
262,2006,2,10,0.023093590512871742
263,2006,2,17,0.02279687114059925
264,2006,2,24,0.02236820198595524
265,2006,3,3,0.024296745657920837
266,2006,3,10,0.02557937614619732
267,2006,3,17,0.02471569925546646
268,2006,3,24,0.024539388716220856
269,2006,3,31,0.02479693666100502
270,2006,4,7,0.024547824636101723
271,2006,4,13,0.02524884045124054
272,2006,4,20,0.024667993187904358
273,2006,4,28,0.02431868389248848
274,2006,5,5,0.026002459228038788
275,2006,5,12,0.02569490484893322
276,2006,5,19,0.02741476334631443
277,2006,5,26,0.028819061815738678
278,2006,6,2,0.02925383858382702
279,2006,6,9,0.03312692791223526
280,2006,6,16,0.035686954855918884
281,2006,6,23,0.03479913994669914
282,2006,6,30,0.033904045820236206
283,2006,7,7,0.03281734511256218
284,2006,7,14,0.03359038382768631
285,2006,7,21,0.0339532196521759
286,2006,7,28,0.03283380717039108
287,2006,8,4,0.030325623229146004
288,2006,8,11,0.02967337891459465
289,2006,8,18,0.029863519594073296
290,2006,8,25,0.030615881085395813
291,2006,9,1,0.03059815615415573
292,2006,9,8,0.03291981667280197
293,2006,9,15,0.03367810696363449
294,2006,9,22,0.03428889438509941
295,2006,9,29,0.03405490517616272
296,2006,10,6,0.030052175745368004
297,2006,10,13,0.029275203123688698
298,2006,10,20,0.029121771454811096
299,2006,10,27,0.028794553130865097
300,2006,11,3,0.029824696481227875
301,2006,11,10,0.030019115656614304
302,2006,11,17,0.02979002147912979
303,2006,11,24,0.02929799072444439
304,2006,12,1,0.03046136349439621
305,2006,12,8,0.033185359090566635
306,2006,12,15,0.03278711438179016
307,2006,12,22,0.032591164112091064
308,2006,12,28,0.032094553112983704
309,2007,1,5,0.028850944712758064
310,2007,1,12,0.029650459066033363
311,2007,1,19,0.02941800281405449
312,2007,1,26,0.02867645025253296
313,2007,2,2,0.027850501239299774
314,2007,2,9,0.02650480717420578
315,2007,2,16,0.026313532143831253
316,2007,2,23,0.02596316486597061
317,2007,3,2,0.027186274528503418
318,2007,3,9,0.02770867571234703
319,2007,3,16,0.02768106758594513
320,2007,3,23,0.026784630492329597
321,2007,3,30,0.026735320687294006
322,2007,4,5,0.028908420354127884
323,2007,4,13,0.02844049036502838
324,2007,4,20,0.02766006998717785
325,2007,4,27,0.027434436604380608
326,2007,5,4,0.02721443958580494
327,2007,5,11,0.026608839631080627
328,2007,5,18,0.026218431070446968
329,2007,5,25,0.026046421378850937
330,2007,6,1,0.025528578087687492
331,2007,6,8,0.024500122293829918
332,2007,6,15,0.02427404560148716
333,2007,6,22,0.023803705349564552
334,2007,6,29,0.02400144748389721
335,2007,7,6,0.024047542363405228
336,2007,7,13,0.02361447364091873
337,2007,7,20,0.023580443114042282
338,2007,7,27,0.02511272206902504
339,2007,8,3,0.02579023689031601
340,2007,8,10,0.02607414871454239
341,2007,8,17,0.028107011690735817
342,2007,8,24,0.027448873966932297
343,2007,8,31,0.02661270834505558
344,2007,9,6,0.024804700165987015
345,2007,9,14,0.025455202907323837
346,2007,9,21,0.02450694516301155
347,2007,9,28,0.023291809484362602
348,2007,10,5,0.023210709914565086
349,2007,10,11,0.022736022248864174
350,2007,10,19,0.023144815117120743
351,2007,10,26,0.02306039072573185
352,2007,11,1,0.022329039871692657
353,2007,11,9,0.022462906315922737
354,2007,11,16,0.022800037637352943
355,2007,11,23,0.02373656816780567
356,2007,11,30,0.02346869558095932
357,2007,12,7,0.02084995247423649
358,2007,12,14,0.02096807025372982
359,2007,12,21,0.021761953830718994
360,2007,12,28,0.021080555394291878
361,2008,1,4,0.019879041239619255
362,2008,1,11,0.020040666684508324
363,2008,1,18,0.02120891958475113
364,2008,1,24,0.02257537841796875
365,2008,2,1,0.020628690719604492
366,2008,2,8,0.019579468294978142
367,2008,2,15,0.01882649026811123
368,2008,2,22,0.018226556479930878
369,2008,2,29,0.017854509875178337
370,2008,3,7,0.018437638878822327
371,2008,3,14,0.018980015069246292
372,2008,3,20,0.01971565932035446
373,2008,3,28,0.019505726173520088
374,2008,4,4,0.019695287570357323
375,2008,4,11,0.019755123183131218
376,2008,4,18,0.019753001630306244
377,2008,4,25,0.019381273537874222
378,2008,5,2,0.018543513491749763
379,2008,5,9,0.017012944445014
380,2008,5,16,0.01670132204890251
381,2008,5,23,0.016389813274145126
382,2008,5,30,0.01649433933198452
383,2008,6,6,0.016441363841295242
384,2008,6,13,0.01703481562435627
385,2008,6,20,0.017296377569437027
386,2008,6,27,0.017907867208123207
387,2008,7,4,0.019143112003803253
388,2008,7,11,0.019788866862654686
389,2008,7,18,0.019480202347040176
390,2008,7,25,0.01988702267408371
391,2008,8,1,0.020192964002490044
392,2008,8,8,0.021041251718997955
393,2008,8,15,0.021869704127311707
394,2008,8,22,0.021859196946024895
395,2008,8,29,0.021696943789720535
396,2008,9,5,0.02312365733087063
397,2008,9,12,0.02417580783367157
398,2008,9,19,0.02523580566048622
399,2008,9,26,0.02491946704685688
400,2008,10,3,0.02926635555922985
401,2008,10,10,0.03760857880115509
402,2008,10,17,0.03751757740974426
403,2008,10,24,0.04034106805920601
404,2008,10,31,0.04179925471544266
405,2008,11,7,0.03823554888367653
406,2008,11,14,0.03949999809265137
407,2008,11,21,0.041685719043016434
408,2008,11,28,0.039536479860544205
409,2008,12,5,0.03750890493392944
410,2008,12,12,0.03472789004445076
411,2008,12,19,0.034428201615810394
412,2008,12,26,0.03647301346063614
413,2009,1,2,0.034693118184804916
414,2009,1,9,0.03043096698820591
415,2009,1,16,0.03192548081278801
416,2009,1,23,0.03292766213417053
417,2009,1,30,0.03247003257274628
418,2009,2,6,0.031255170702934265
419,2009,2,13,0.030664213001728058
420,2009,2,20,0.03136509656906128
421,2009,2,27,0.032385073602199554
422,2009,3,6,0.03475193679332733
423,2009,3,13,0.03361192345619202
424,2009,3,20,0.032454196363687515
425,2009,3,27,0.030967332422733307
426,2009,4,3,0.03278306499123573
427,2009,4,9,0.03276274353265762
428,2009,4,17,0.03223937377333641
429,2009,4,24,0.03226855397224426
430,2009,4,30,0.03142457455396652
431,2009,5,8,0.03158481791615486
432,2009,5,15,0.032286688685417175
433,2009,5,22,0.03153928741812706
434,2009,5,29,0.03072012960910797
435,2009,6,5,0.02943832240998745
436,2009,6,12,0.02950248494744301
437,2009,6,19,0.03047763556241989
438,2009,6,26,0.030841408297419548
439,2009,7,3,0.030364640057086945
440,2009,7,10,0.031183496117591858
441,2009,7,17,0.030630068853497505
442,2009,7,24,0.02931169979274273
443,2009,7,31,0.02863074280321598
444,2009,8,7,0.028884373605251312
445,2009,8,14,0.028925282880663872
446,2009,8,21,0.02931569144129753
447,2009,8,28,0.028631646186113358
448,2009,9,4,0.028966445475816727
449,2009,9,11,0.02790744975209236
450,2009,9,18,0.02704656682908535
451,2009,9,25,0.026652054861187935
452,2009,10,2,0.025278769433498383
453,2009,10,9,0.022993216291069984
454,2009,10,16,0.02217330038547516
455,2009,10,23,0.022372543811798096
456,2009,10,30,0.0234239362180233
457,2009,11,6,0.022904658690094948
458,2009,11,13,0.02238059788942337
459,2009,11,19,0.022160036489367485
460,2009,11,27,0.022140199318528175
461,2009,12,4,0.021958326920866966
462,2009,12,11,0.02181430347263813
463,2009,12,18,0.022022023797035217
464,2009,12,23,0.022539323195815086
465,2009,12,30,0.02203952521085739
466,2010,1,8,0.021854493767023087
467,2010,1,15,0.021919282153248787
468,2010,1,22,0.022426391020417213
469,2010,1,29,0.023188883438706398
470,2010,2,5,0.022562077268958092
471,2010,2,12,0.02276073768734932
472,2010,2,19,0.022014010697603226
473,2010,2,26,0.02249941974878311
474,2010,3,5,0.023194482550024986
475,2010,3,12,0.02278877981007099
476,2010,3,19,0.022845564410090446
477,2010,3,26,0.023051448166370392
478,2010,4,1,0.02243146486580372
479,2010,4,9,0.02136850170791149
480,2010,4,16,0.021512679755687714
481,2010,4,23,0.02175944112241268
482,2010,4,30,0.022265201434493065
483,2010,5,7,0.022941991686820984
484,2010,5,14,0.022990833967924118
485,2010,5,21,0.024351246654987335
486,2010,5,28,0.02437225729227066
487,2010,6,4,0.022355034947395325
488,2010,6,11,0.021949121728539467
489,2010,6,18,0.021371090784668922
490,2010,6,25,0.021202675998210907
491,2010,7,2,0.022083323448896408
492,2010,7,8,0.02191372588276863
493,2010,7,16,0.02162899449467659
494,2010,7,23,0.0211892481893301
495,2010,7,30,0.02059399150311947
496,2010,8,6,0.019397998228669167
497,2010,8,13,0.019791647791862488
498,2010,8,20,0.019656039774417877
499,2010,8,27,0.020129967480897903
500,2010,9,3,0.020095840096473694
501,2010,9,10,0.02012030780315399
502,2010,9,17,0.01972583308815956
503,2010,9,24,0.019487803801894188
504,2010,10,1,0.018941180780529976
505,2010,10,8,0.02000933326780796
506,2010,10,15,0.019670581445097923
507,2010,10,22,0.019994787871837616
508,2010,10,29,0.01994812674820423
509,2010,11,5,0.01945619285106659
510,2010,11,12,0.01963639073073864
511,2010,11,19,0.01996665634214878
512,2010,11,26,0.020237812772393227
513,2010,12,3,0.02025187760591507
514,2010,12,10,0.0204146858304739
515,2010,12,17,0.020487792789936066
516,2010,12,23,0.02048560418188572
517,2010,12,30,0.020345313474535942
518,2011,1,7,0.0221964493393898
519,2011,1,14,0.022096211090683937
520,2011,1,21,0.022353725507855415
521,2011,1,28,0.022865723818540573
522,2011,2,4,0.02251160331070423
523,2011,2,11,0.022734863683581352
524,2011,2,18,0.021979767829179764
525,2011,2,25,0.021998897194862366
526,2011,3,4,0.022338153794407845
527,2011,3,11,0.022680461406707764
528,2011,3,18,0.022707348689436913
529,2011,3,25,0.022387340664863586
530,2011,4,1,0.02214067429304123
531,2011,4,8,0.021897871047258377
532,2011,4,15,0.02255944535136223
533,2011,4,20,0.022672289982438087
534,2011,4,29,0.022427380084991455
535,2011,5,6,0.025607682764530182
536,2011,5,13,0.025570085272192955
537,2011,5,20,0.025995932519435883
538,2011,5,27,0.025827310979366302
539,2011,6,3,0.02554379403591156
540,2011,6,10,0.02582223154604435
541,2011,6,17,0.026318293064832687
542,2011,6,24,0.02633068710565567
543,2011,7,1,0.026349343359470367
544,2011,7,8,0.028119010850787163
545,2011,7,15,0.02954508550465107
546,2011,7,22,0.029690958559513092
547,2011,7,29,0.029948294162750244
548,2011,8,5,0.03298692777752876
549,2011,8,12,0.03553982079029083
550,2011,8,19,0.03418302536010742
551,2011,8,26,0.034650035202503204
552,2011,9,2,0.03385850787162781
553,2011,9,9,0.03531168773770332
554,2011,9,16,0.03529759496450424
555,2011,9,23,0.03569173440337181
556,2011,9,30,0.0365762859582901
557,2011,10,7,0.036731019616127014
558,2011,10,14,0.03523804247379303
559,2011,10,21,0.034831270575523376
560,2011,10,28,0.03352319821715355
561,2011,11,4,0.03149741142988205
562,2011,11,11,0.03083787113428116
563,2011,11,18,0.031083058565855026
564,2011,11,25,0.0320279635488987
565,2011,12,2,0.03135402128100395
566,2011,12,9,0.030714428052306175
567,2011,12,16,0.03130761533975601
568,2011,12,23,0.03103729337453842
569,2011,12,29,0.030718589201569557
570,2012,1,6,0.029057877138257027
571,2012,1,13,0.02892371267080307
572,2012,1,20,0.02823616936802864
573,2012,1,27,0.02791859582066536
574,2012,2,3,0.02773706614971161
575,2012,2,10,0.02739696204662323
576,2012,2,17,0.027169805020093918
577,2012,2,24,0.026911303400993347
578,2012,3,2,0.02652580291032791
579,2012,3,9,0.026154806837439537
580,2012,3,16,0.02561226300895214
581,2012,3,23,0.025866692885756493
582,2012,3,30,0.02609255723655224
583,2012,4,5,0.028449414297938347
584,2012,4,13,0.0289778970181942
585,2012,4,20,0.028896713629364967
586,2012,4,27,0.028962304815649986
587,2012,5,4,0.029417047277092934
588,2012,5,11,0.030346285551786423
589,2012,5,18,0.032170359045267105
590,2012,5,25,0.03258714824914932
591,2012,6,1,0.032157156616449356
592,2012,6,8,0.02989434078335762
593,2012,6,15,0.02929534763097763
594,2012,6,22,0.028758669272065163
595,2012,6,29,0.0297430157661438
596,2012,7,6,0.028274590149521828
597,2012,7,13,0.029024610295891762
598,2012,7,20,0.028748393058776855
599,2012,7,27,0.02872946299612522
600,2012,8,3,0.027022454887628555
601,2012,8,10,0.025913909077644348
602,2012,8,17,0.025905540212988853
603,2012,8,24,0.026054246351122856
604,2012,8,31,0.02639031410217285
605,2012,9,6,0.02318570390343666
606,2012,9,14,0.02252647466957569
607,2012,9,21,0.022185249254107475
608,2012,9,28,0.02246774360537529
609,2012,10,5,0.02227642387151718
610,2012,10,11,0.02221088483929634
611,2012,10,19,0.022036204114556313
612,2012,10,26,0.02252700738608837
613,2012,11,1,0.022886771708726883
614,2012,11,9,0.024124810472130775
615,2012,11,16,0.024606477469205856
616,2012,11,23,0.02481706812977791
617,2012,11,30,0.024668386206030846
618,2012,12,7,0.023965423926711082
619,2012,12,14,0.023534484207630157
620,2012,12,21,0.023174075409770012
621,2012,12,28,0.023256344720721245
622,2013,1,4,0.02269689552485943
623,2013,1,11,0.022907087579369545
624,2013,1,18,0.022715413942933083
625,2013,1,24,0.022617440670728683
626,2013,2,1,0.02265915647149086
627,2013,2,8,0.021491337567567825
628,2013,2,15,0.021677108481526375
629,2013,2,22,0.021903717890381813
630,2013,3,1,0.022092198953032494
631,2013,3,8,0.023030998185276985
632,2013,3,15,0.022989816963672638
633,2013,3,22,0.023446999490261078
634,2013,3,28,0.023495804518461227
635,2013,4,5,0.023457899689674377
636,2013,4,12,0.02333517000079155
637,2013,4,19,0.023935802280902863
638,2013,4,26,0.023608775809407234
639,2013,5,3,0.023834502324461937
640,2013,5,10,0.023922467604279518
641,2013,5,17,0.02397250384092331
642,2013,5,24,0.0235225148499012
643,2013,5,31,0.023805806413292885
644,2013,6,7,0.023604821413755417
645,2013,6,14,0.024927958846092224
646,2013,6,21,0.02561907470226288
647,2013,6,28,0.026114337146282196
648,2013,7,5,0.027307631447911263
649,2013,7,12,0.02728821337223053
650,2013,7,19,0.02666347473859787
651,2013,7,26,0.026141535490751266
652,2013,8,2,0.025480004027485847
653,2013,8,9,0.024778904393315315
654,2013,8,16,0.024240834638476372
655,2013,8,23,0.024480000138282776
656,2013,8,30,0.024826671928167343
657,2013,9,6,0.02625555545091629
658,2013,9,13,0.025357749313116074
659,2013,9,20,0.025019200518727303
660,2013,9,27,0.02497604861855507
661,2013,10,4,0.025398509576916695
662,2013,10,11,0.02533390000462532
663,2013,10,18,0.024768056347966194
664,2013,10,25,0.024660572409629822
665,2013,11,1,0.02456539310514927
666,2013,11,8,0.024719607084989548
667,2013,11,14,0.02732498198747635
668,2013,11,22,0.02710159495472908
669,2013,11,29,0.027549490332603455
670,2013,12,6,0.02996487356722355
671,2013,12,13,0.030286161229014397
672,2013,12,20,0.03023103065788746
673,2013,12,27,0.02991436794400215
674,2014,1,3,0.028881339356303215
675,2014,1,10,0.02892102673649788
676,2014,1,17,0.029231896623969078
677,2014,1,24,0.029828418046236038
678,2014,1,31,0.0305310171097517
679,2014,2,7,0.028358103707432747
680,2014,2,14,0.02791745960712433
681,2014,2,21,0.028535079210996628
682,2014,2,28,0.028546590358018875
683,2014,3,7,0.031018152832984924
684,2014,3,14,0.031659066677093506
685,2014,3,21,0.031014658510684967
686,2014,3,28,0.029841817915439606
687,2014,4,4,0.027343330904841423
688,2014,4,11,0.026871686801314354
689,2014,4,17,0.026882555335760117
690,2014,4,25,0.026703905314207077
691,2014,5,2,0.02804381772875786
692,2014,5,9,0.03154755011200905
693,2014,5,16,0.03135691583156586
694,2014,5,23,0.03204313665628433
695,2014,5,30,0.03213484585285187
696,2014,6,6,0.02901584468781948
697,2014,6,13,0.02757895551621914
698,2014,6,20,0.027547454461455345
699,2014,6,27,0.02795211784541607
700,2014,7,4,0.028042931109666824
701,2014,7,11,0.02760530449450016
702,2014,7,18,0.026974523440003395
703,2014,7,25,0.02626948617398739
704,2014,8,1,0.02699560672044754
705,2014,8,8,0.028011424466967583
706,2014,8,15,0.027924083173274994
707,2014,8,22,0.026979146525263786
708,2014,8,29,0.026074357330799103
709,2014,9,5,0.026139933615922928
710,2014,9,12,0.02736462652683258
711,2014,9,19,0.027432430535554886
712,2014,9,26,0.028328513726592064
713,2014,10,3,0.028974762186408043
714,2014,10,10,0.027270326390862465
715,2014,10,17,0.027553049847483635
716,2014,10,24,0.029592085629701614
717,2014,10,31,0.02936634048819542
718,2014,11,7,0.0279331523925066
719,2014,11,14,0.028567567467689514
720,2014,11,21,0.028101233765482903
721,2014,11,28,0.027162406593561172
722,2014,12,5,0.027490144595503807
723,2014,12,12,0.02863847278058529
724,2014,12,19,0.029508883133530617
725,2014,12,26,0.028446689248085022
726,2015,1,2,0.02741239219903946
727,2015,1,9,0.025424566119909286
728,2015,1,16,0.025563912466168404
729,2015,1,23,0.0252778772264719
730,2015,1,30,0.025405563414096832
731,2015,2,6,0.02605699747800827
732,2015,2,13,0.025854721665382385
733,2015,2,20,0.025055138394236565
734,2015,2,27,0.024837687611579895
735,2015,3,6,0.028541523963212967
736,2015,3,13,0.029321109876036644
737,2015,3,20,0.028370659798383713
738,2015,3,27,0.028169700875878334
739,2015,4,2,0.02749493531882763
740,2015,4,10,0.026486335322260857
741,2015,4,17,0.026438670232892036
742,2015,4,24,0.026325905695557594
743,2015,4,30,0.026103511452674866
744,2015,5,8,0.0226511862128973
745,2015,5,15,0.022721221670508385
746,2015,5,22,0.0232672318816185
747,2015,5,29,0.023793470114469528
748,2015,6,5,0.02265385165810585
749,2015,6,12,0.022611020132899284
750,2015,6,19,0.022558124735951424
751,2015,6,26,0.02241198532283306
752,2015,7,3,0.02342178113758564
753,2015,7,10,0.02414100244641304
754,2015,7,17,0.02387942560017109
755,2015,7,24,0.024689931422472
756,2015,7,31,0.02507551945745945
757,2015,8,7,0.0249309204518795
758,2015,8,14,0.025677161291241646
759,2015,8,21,0.02651364728808403
760,2015,8,28,0.026882492005825043
761,2015,9,4,0.026664001867175102
762,2015,9,11,0.02675584703683853
763,2015,9,18,0.026187386363744736
764,2015,9,25,0.027156302705407143
765,2015,10,2,0.027761509642004967
766,2015,10,9,0.026987457647919655
767,2015,10,16,0.027676474303007126
768,2015,10,23,0.02734644152224064
769,2015,10,30,0.02778393216431141
770,2015,11,6,0.026621928438544273
771,2015,11,13,0.027066068723797798
772,2015,11,19,0.02665967494249344
773,2015,11,27,0.0267641618847847
774,2015,12,4,0.027742506936192513
775,2015,12,11,0.027794020250439644
776,2015,12,18,0.028305834159255028
777,2015,12,23,0.028950773179531097
778,2015,12,30,0.028948426246643066
779,2016,1,8,0.0374373197555542
780,2016,1,15,0.039012324064970016
781,2016,1,22,0.0401441752910614
782,2016,1,29,0.03902888670563698
783,2016,2,5,0.035407327115535736
784,2016,2,12,0.03590300679206848
785,2016,2,19,0.035046566277742386
786,2016,2,26,0.034490834921598434
787,2016,3,4,0.03165071830153465
788,2016,3,11,0.02945893257856369
789,2016,3,18,0.02965763583779335
790,2016,3,24,0.028942611068487167
791,2016,4,1,0.028552522882819176
792,2016,4,8,0.028742844238877296
793,2016,4,15,0.027361739426851273
794,2016,4,22,0.026813246309757233
795,2016,4,29,0.02675461769104004
796,2016,5,6,0.027429131790995598
797,2016,5,13,0.02739688940346241
798,2016,5,20,0.02819376438856125
799,2016,5,27,0.028695648536086082
800,2016,6,3,0.027849998325109482
801,2016,6,10,0.02702801674604416
802,2016,6,17,0.027697591111063957
803,2016,6,24,0.027156880125403404
804,2016,7,1,0.026497505605220795
805,2016,7,8,0.023947542533278465
806,2016,7,15,0.02307477407157421
807,2016,7,22,0.022422272711992264
808,2016,7,29,0.022325599566102028
809,2016,8,5,0.023658011108636856
810,2016,8,12,0.023407870903611183
811,2016,8,19,0.02300240844488144
812,2016,8,26,0.02351689152419567
813,2016,9,2,0.02295691706240177
814,2016,9,9,0.02220722660422325
815,2016,9,16,0.022828752174973488
816,2016,9,23,0.022603927180171013
817,2016,9,30,0.022516462951898575
818,2016,10,7,0.02033967711031437
819,2016,10,14,0.0201120488345623
820,2016,10,21,0.019566889852285385
821,2016,10,28,0.01957821287214756
822,2016,11,4,0.020065059885382652
823,2016,11,11,0.020431917160749435
824,2016,11,18,0.021224183961749077
825,2016,11,25,0.020886730402708054
826,2016,12,2,0.021964961662888527
827,2016,12,9,0.02339361235499382
828,2016,12,16,0.02406047284603119
829,2016,12,23,0.02432306855916977
830,2016,12,29,0.023737940937280655
831,2017,1,6,0.023006275296211243
832,2017,1,13,0.022630590945482254
833,2017,1,20,0.022243620827794075
834,2017,1,27,0.02170180343091488
835,2017,2,3,0.022478708997368813
836,2017,2,10,0.022707510739564896
837,2017,2,17,0.021933631971478462
838,2017,2,24,0.021755505353212357
839,2017,3,3,0.02228454127907753
840,2017,3,10,0.022612188011407852
841,2017,3,17,0.022573232650756836
842,2017,3,24,0.022917285561561584
843,2017,3,31,0.022458575665950775
844,2017,4,7,0.022596271708607674
845,2017,4,13,0.022941097617149353
846,2017,4,20,0.02289796993136406
847,2017,4,28,0.022629909217357635
848,2017,5,5,0.023212866857647896
849,2017,5,12,0.02277369052171707
850,2017,5,19,0.023209374397993088
851,2017,5,26,0.024097904562950134
852,2017,6,2,0.023655381053686142
853,2017,6,9,0.023265626281499863
854,2017,6,16,0.023653829470276833
855,2017,6,23,0.02386440709233284
856,2017,6,30,0.023625358939170837
857,2017,7,7,0.023333117365837097
858,2017,7,14,0.022758865728974342
859,2017,7,21,0.02246834710240364
860,2017,7,28,0.022436417639255524
861,2017,8,4,0.020794112235307693
862,2017,8,11,0.020389525219798088
863,2017,8,18,0.02059040777385235
864,2017,8,25,0.02016214281320572
865,2017,9,1,0.02016468532383442
866,2017,9,8,0.020575471222400665
867,2017,9,15,0.019869256764650345
868,2017,9,22,0.019579537212848663
869,2017,9,29,0.02001482993364334
870,2017,10,6,0.01956126280128956
871,2017,10,13,0.01935652084648609
872,2017,10,20,0.019423361867666245
873,2017,10,27,0.019612211734056473
874,2017,11,3,0.020264001563191414
875,2017,11,10,0.020848212763667107
876,2017,11,17,0.021144967526197433
877,2017,11,24,0.020609762519598007
878,2017,12,1,0.020778615027666092
879,2017,12,8,0.019148387014865875
880,2017,12,15,0.01908457837998867
881,2017,12,22,0.018973620608448982
882,2017,12,28,0.018514851108193398
883,2018,1,5,0.020811395719647408
884,2018,1,12,0.0207638218998909
885,2018,1,19,0.020357972010970116
886,2018,1,26,0.01985994353890419
887,2018,2,2,0.01793394424021244
888,2018,2,9,0.01607067510485649
889,2018,2,16,0.015841715037822723
890,2018,2,23,0.015575416386127472
891,2018,3,2,0.017755551263689995
892,2018,3,9,0.02094634249806404
893,2018,3,16,0.020823383703827858
894,2018,3,23,0.02117832377552986
895,2018,3,29,0.021246938034892082
896,2018,4,6,0.020121080800890923
897,2018,4,13,0.020329486578702927
898,2018,4,20,0.02040267176926136
899,2018,4,27,0.020242460072040558
900,2018,5,4,0.021480614319443703
901,2018,5,11,0.021989108994603157
902,2018,5,18,0.02235901542007923
903,2018,5,25,0.023181665688753128
904,2018,6,1,0.024302557110786438
905,2018,6,8,0.024747757241129875
906,2018,6,15,0.02583223395049572
907,2018,6,22,0.026086390018463135
908,2018,6,29,0.025916269049048424
909,2018,7,6,0.02562287077307701
910,2018,7,13,0.02522357553243637
911,2018,7,20,0.024382390081882477
912,2018,7,27,0.024011222645640373
913,2018,8,3,0.02402542158961296
914,2018,8,10,0.024271363392472267
915,2018,8,17,0.024702193215489388
916,2018,8,24,0.02523699589073658
917,2018,8,31,0.024977361783385277
918,2018,9,6,0.024939775466918945
919,2018,9,14,0.025173265486955643
920,2018,9,21,0.02462952211499214
921,2018,9,28,0.024593226611614227
922,2018,10,5,0.025014162063598633
923,2018,10,11,0.024120338261127472
924,2018,10,19,0.0241691991686821
925,2018,10,26,0.0240945927798748
926,2018,11,1,0.023547310382127762
927,2018,11,9,0.023383324965834618
928,2018,11,16,0.023602288216352463
929,2018,11,23,0.02318476140499115
930,2018,11,30,0.022800736129283905
931,2018,12,7,0.02388106659054756
932,2018,12,14,0.024226300418376923
933,2018,12,21,0.024479584768414497
934,2018,12,28,0.024484947323799133
935,2019,1,4,0.024716630578041077
936,2019,1,11,0.02437478117644787
937,2019,1,18,0.023745151236653328
938,2019,1,24,0.023414524272084236
939,2019,2,1,0.022768082097172737
940,2019,2,8,0.020959235727787018
941,2019,2,15,0.020994434133172035
942,2019,2,22,0.020905589684844017
943,2019,3,1,0.021662823855876923
944,2019,3,8,0.02441609650850296
945,2019,3,15,0.023632848635315895
946,2019,3,22,0.02382040210068226
947,2019,3,29,0.02459719404578209
948,2019,4,5,0.022541726008057594
949,2019,4,12,0.02267611213028431
950,2019,4,18,0.022982383146882057
951,2019,4,26,0.02258017286658287
952,2019,5,3,0.023219047114253044
953,2019,5,10,0.02424643747508526
954,2019,5,17,0.025221889838576317
955,2019,5,24,0.024605225771665573
956,2019,5,31,0.02391892857849598
957,2019,6,7,0.023804334923624992
958,2019,6,14,0.02351054921746254
959,2019,6,21,0.023158688098192215
960,2019,6,28,0.022959411144256592
961,2019,7,5,0.022803934291005135
962,2019,7,12,0.022203493863344193
963,2019,7,19,0.02237003482878208
964,2019,7,26,0.022407151758670807
965,2019,8,2,0.022237200289964676
966,2019,8,9,0.02211710624396801
967,2019,8,16,0.02250116504728794
968,2019,8,23,0.022854750975966454
969,2019,8,30,0.023055005818605423
970,2019,9,6,0.024374201893806458
971,2019,9,13,0.024083830416202545
972,2019,9,20,0.02383231185376644
973,2019,9,27,0.02377559430897236
974,2019,10,4,0.02386060729622841
975,2019,10,11,0.02411123551428318
976,2019,10,18,0.02346809394657612
977,2019,10,25,0.02313719317317009
978,2019,11,1,0.02336997725069523
979,2019,11,8,0.024221641942858696
980,2019,11,14,0.024527566507458687
981,2019,11,22,0.02437046356499195
982,2019,11,29,0.024100888520479202
983,2019,12,6,0.023407168686389923
984,2019,12,13,0.02300228178501129
985,2019,12,20,0.02240624465048313
986,2019,12,27,0.021877579391002655
987,2019,12,30,0.022053513675928116
988,2020,1,3,0.02367747388780117
989,2020,1,10,0.023874275386333466
990,2020,1,17,0.023495430126786232
991,2020,1,24,0.023166503757238388
992,2020,1,31,0.023765821009874344
993,2020,2,7,0.023566031828522682
994,2020,2,14,0.023709967732429504
995,2020,2,21,0.023524222895503044
996,2020,2,28,0.025862623006105423
997,2020,3,6,0.029290886595845222
998,2020,3,13,0.03577316179871559
999,2020,3,20,0.042634014040231705
1000,2020,3,27,0.04147176817059517
1001,2020,4,3,0.0371430367231369
1002,2020,4,9,0.032644011080265045
1003,2020,4,17,0.03169476240873337
1004,2020,4,24,0.03156833350658417
1005,2020,4,30,0.03087376058101654
1006,2020,5,8,0.030558936297893524
1007,2020,5,15,0.03102082572877407
1008,2020,5,22,0.029849110171198845
1009,2020,5,29,0.028072109445929527
1010,2020,6,5,0.02477107010781765
1011,2020,6,12,0.02392132766544819
1012,2020,6,19,0.02396404556930065
1013,2020,6,26,0.023812880739569664
1014,2020,7,3,0.024362655356526375
1015,2020,7,10,0.024122899398207664
1016,2020,7,17,0.023817377164959908
1017,2020,7,24,0.02310839109122753
1018,2020,7,31,0.022915862500667572
1019,2020,8,7,0.024386122822761536
1020,2020,8,14,0.02455100230872631
1021,2020,8,21,0.024747343733906746
1022,2020,8,28,0.024562722072005272
1023,2020,9,4,0.022758090868592262
1024,2020,9,11,0.022602977231144905
1025,2020,9,18,0.02253727614879608
1026,2020,9,25,0.023179907351732254
1027,2020,10,2,0.025488579645752907
1028,2020,10,9,0.027440857142210007
1029,2020,10,16,0.026613706722855568
1030,2020,10,23,0.02624906599521637
1031,2020,10,30,0.027085494250059128
1032,2020,11,6,0.025312276557087898
1033,2020,11,13,0.024344684556126595
1034,2020,11,20,0.023931758478283882
1035,2020,11,27,0.023795606568455696
1036,2020,12,4,0.023274168372154236
1037,2020,12,11,0.022752657532691956
1038,2020,12,18,0.022230420261621475
1039,2020,12,23,0.02233617939054966
1040,2020,12,30,0.021906917914748192
1041,2021,1,8,0.020197181031107903
1042,2021,1,15,0.019784435629844666
1043,2021,1,22,0.020166071131825447
1044,2021,1,29,0.02069696970283985
1045,2021,2,5,0.018326710909605026
1046,2021,2,12,0.018249331042170525
1047,2021,2,19,0.018254397436976433
1048,2021,2,26,0.019012276083230972
1049,2021,3,5,0.019603729248046875
1050,2021,3,12,0.019683949649333954
1051,2021,3,19,0.019311973825097084
1052,2021,3,26,0.019611235707998276
1053,2021,4,1,0.020515387877821922
1054,2021,4,9,0.023829633370041847
1055,2021,4,16,0.023387767374515533
1056,2021,4,23,0.023347551003098488
1057,2021,4,30,0.02339364029467106
1058,2021,5,7,0.02686983346939087
1059,2021,5,14,0.02658826857805252
1060,2021,5,21,0.026345161721110344
1061,2021,5,28,0.026057926937937737
1062,2021,6,4,0.02528497204184532
1063,2021,6,11,0.025095392018556595
1064,2021,6,18,0.025232678279280663
1065,2021,6,25,0.025403523817658424
1066,2021,7,2,0.026544010266661644
1067,2021,7,8,0.027797408401966095
1068,2021,7,16,0.027448253706097603
1069,2021,7,23,0.027833087369799614
1070,2021,7,30,0.02804117277264595
1071,2021,8,6,0.02864273078739643
1072,2021,8,13,0.028919987380504608
1073,2021,8,20,0.030053546652197838
1074,2021,8,27,0.029629893600940704
1075,2021,9,3,0.03176116943359375
1076,2021,9,10,0.03372516855597496
1077,2021,9,17,0.033899661153554916
1078,2021,9,24,0.0348455011844635
1079,2021,10,1,0.0374101847410202
1080,2021,10,8,0.04661186784505844
1081,2021,10,15,0.04549641162157059
1082,2021,10,22,0.04697012901306152
1083,2021,10,29,0.04862446337938309
1084,2021,11,5,0.04812732711434364
1085,2021,11,12,0.04760048910975456
1086,2021,11,19,0.04918676242232323
1087,2021,11,26,0.04929004982113838
1088,2021,12,3,0.05124625191092491
1089,2021,12,10,0.050313983112573624
1090,2021,12,17,0.05033746361732483
1091,2021,12,23,0.0517045296728611
1092,2021,12,30,0.051910847425460815
1093,2022,1,7,0.05443062633275986
1094,2022,1,14,0.053920894861221313
1095,2022,1,21,0.05262356624007225
1096,2022,1,28,0.051176682114601135
