year,month,day,ivolbr
2011,8,1,21.28711
2011,8,2,23.56743
2011,8,3,27.32514
2011,8,4,
2011,8,5,29.76039
2011,8,8,
2011,8,9,47.05294
2011,8,10,27.75004
2011,8,11,33.76601
2011,8,12,24.37536
2011,8,15,28.58706
2011,8,19,28.26896
2011,8,22,34.54205
2011,8,23,28.226
2011,8,24,31.71554
2011,8,25,27.61506
2011,8,26,26.99005
2011,8,29,26.2452
2011,8,30,27.02077
2011,8,31,26.57059
2011,9,1,25.27205
2011,9,2,25.62745
2011,9,5,30.41709
2011,9,6,30.28928
2011,9,12,36.24326
2011,9,13,36.41168
2011,9,14,29.67935
2011,9,15,29.76384
2011,9,16,28.98926
2011,9,20,26.60903
2011,9,22,38.85017
2011,9,23,41.72757
2011,9,26,42.45641
2011,9,27,35.48816
2011,9,28,33.4138
2011,9,29,33.17446
2011,10,3,44.16533
2011,10,4,29.40715
2011,10,5,38.68258
2011,10,6,34.65883
2011,10,7,
2011,10,10,28.90124
2011,10,11,35.86376
2011,10,13,30.09062
2011,10,14,30.2993
2011,10,17,26.5146
2011,10,18,
2011,10,19,28.84019
2011,10,20,30.93672
2011,10,21,29.43715
2011,10,24,27.37192
2011,10,25,26.24751
2011,10,26,25.50525
2011,10,27,25.58114
2011,10,28,22.27847
2011,10,31,24.53868
2011,11,1,29.56798
2011,11,3,25.89955
2011,11,4,25.62683
2011,11,7,25.14079
2011,11,9,28.85935
2011,11,11,28.4469
2011,11,14,24.9024
2011,11,16,29.67527
2011,11,17,29.18929
2011,11,18,24.76481
2011,11,21,35.90339
2011,11,22,29.26105
2011,11,23,31.60401
2011,11,24,30.04701
2011,11,25,31.86597
2011,11,28,25.35371
2011,11,29,29.55908
2011,11,30,24.25097
2011,12,1,27.24362
2011,12,2,26.0865
2011,12,5,27.92838
2011,12,6,26.58823
2011,12,7,37.58755
2011,12,8,25.83994
2011,12,9,30.78934
2011,12,12,
2011,12,13,26.47881
2011,12,14,25.92757
2011,12,15,28.11764
2011,12,16,27.20345
2011,12,19,25.35408
2011,12,20,25.29016
2011,12,21,25.76206
2011,12,22,24.50687
2011,12,23,23.52267
2011,12,26,
2011,12,28,26.66384
2011,12,29,23.14008
2012,1,2,23.12393
2012,1,3,23.17977
2012,1,4,23.72229
2012,1,5,23.1107
2012,1,6,21.90203
2012,1,9,24.00631
2012,1,10,20.12761
2012,1,11,23.41764
2012,1,12,22.58384
2012,1,13,23.15579
2012,1,16,21.61337
2012,1,17,22.57189
2012,1,18,22.19599
2012,1,19,21.0872
2012,1,20,19.83334
2012,1,23,18.18826
2012,1,24,19.44424
2012,1,26,20.03022
2012,1,27,18.87538
2012,1,30,21.83376
2012,1,31,19.94553
2012,2,1,19.30423
2012,2,2,20.12367
2012,2,3,20.31634
2012,2,6,22.5208
2012,2,7,18.95442
2012,2,8,17.88235
2012,2,9,21.26344
2012,2,10,21.56118
2012,2,13,19.39781
2012,2,14,19.76489
2012,2,15,20.49098
2012,2,16,20.05735
2012,2,17,20.25546
2012,2,22,19.4227
2012,2,23,17.62972
2012,2,24,19.66244
2012,2,27,20.71675
2012,2,28,19.38315
2012,2,29,20.96161
2012,3,1,19.54165
2012,3,2,21.21596
2012,3,5,21.3454
2012,3,6,23.25998
2012,3,7,22.7128
2012,3,8,21.86909
2012,3,9,20.76671
2012,3,12,18.82955
2012,3,13,18.40445
2012,3,14,18.39674
2012,3,15,20.23708
2012,3,16,20.07432
2012,3,19,19.06276
2012,3,20,19.60909
2012,3,21,22.36438
2012,3,22,19.94096
2012,3,23,20.45359
2012,3,26,16.62309
2012,3,27,18.38752
2012,3,28,21.30607
2012,3,29,20.14841
2012,3,30,19.75784
2012,4,2,19.36288
2012,4,3,22.72852
2012,4,4,23.30168
2012,4,5,18.87628
2012,4,9,24.26608
2012,4,10,24.14334
2012,4,11,23.68773
2012,4,12,23.38313
2012,4,13,18.41681
2012,4,16,24.86972
2012,4,17,23.11208
2012,4,18,19.85312
2012,4,19,22.99611
2012,4,20,22.91279
2012,4,23,21.61691
2012,4,24,23.89977
2012,4,25,21.60447
2012,4,26,19.39232
2012,4,27,21.9426
2012,4,30,21.50965
2012,5,2,19.49969
2012,5,3,18.71056
2012,5,4,19.46965
2012,5,7,19.32327
2012,5,8,22.63971
2012,5,9,22.113
2012,5,10,20.61101
2012,5,11,21.01649
2012,5,14,27.54151
2012,5,15,28.88688
2012,5,16,25.58761
2012,5,17,26.32041
2012,5,18,28.61293
2012,5,21,24.06426
2012,5,22,22.23268
2012,5,23,34.27249
2012,5,24,31.41806
2012,5,25,24.22399
2012,5,28,32.14149
2012,5,29,28.24585
2012,5,30,26.57878
2012,5,31,23.5629
2012,6,1,28.61884
2012,6,4,24.66197
2012,6,5,20.93421
2012,6,6,27.0632
2012,6,8,24.98184
2012,6,11,27.36799
2012,6,12,26.38455
2012,6,13,29.07777
2012,6,14,24.41478
2012,6,15,25.91586
2012,6,18,23.47051
2012,6,19,22.43838
2012,6,20,23.24079
2012,6,21,22.41391
2012,6,22,23.02232
2012,6,25,25.72487
2012,6,26,26.26527
2012,6,27,25.10686
2012,6,28,30.60878
2012,6,29,26.01148
2012,7,2,23.09491
2012,7,3,21.65578
2012,7,4,21.44434
2012,7,5,22.24085
2012,7,6,23.53456
2012,7,10,27.28891
2012,7,11,22.63747
2012,7,12,18.35763
2012,7,13,24.23522
2012,7,16,21.33616
2012,7,17,24.65956
2012,7,18,23.20137
2012,7,19,23.39885
2012,7,23,22.12304
2012,7,24,23.16902
2012,7,25,25.47849
2012,7,26,17.30929
2012,7,27,27.56798
2012,7,30,25.01272
2012,7,31,23.83291
2012,8,1,26.11669
2012,8,2,28.9215
2012,8,3,23.04916
2012,8,6,23.33697
2012,8,7,21.58664
2012,8,8,22.78128
2012,8,9,25.99777
2012,8,10,22.35262
2012,8,13,23.82258
2012,8,14,22.38859
2012,8,15,22.6706
2012,8,16,23.87853
2012,8,17,24.92409
2012,8,20,23.10635
2012,8,21,23.45014
2012,8,22,24.09447
2012,8,23,22.24359
2012,8,24,24.38719
2012,8,27,
2012,8,28,22.23465
2012,8,29,25.48968
2012,8,30,27.21431
2012,8,31,24.7626
2012,9,3,25.3604
2012,9,4,25.58649
2012,9,5,22.7045
2012,9,6,25.42561
2012,9,10,22.20385
2012,9,11,23.62826
2012,9,12,25.47909
2012,9,13,25.87671
2012,9,14,23.38551
2012,9,17,21.71917
2012,9,18,22.81986
2012,9,19,22.20451
2012,9,20,21.67313
2012,9,21,20.83679
2012,9,24,22.77583
2012,9,25,23.89389
2012,9,26,20.59727
2012,9,27,22.82012
2012,9,28,25.02937
2012,10,1,24.43668
2012,10,2,24.28433
2012,10,3,24.25042
2012,10,4,21.27869
2012,10,5,20.82378
2012,10,8,23.63432
2012,10,9,24.12969
2012,10,10,23.8065
2012,10,11,24.06198
2012,10,15,22.52014
2012,10,16,24.60091
2012,10,17,20.61162
2012,10,18,22.46888
2012,10,19,23.03237
2012,10,22,23.60265
2012,10,23,23.09167
2012,10,24,24.44142
2012,10,25,24.17373
2012,10,26,22.85317
2012,10,29,23.36192
2012,10,30,22.47785
2012,10,31,23.79545
2012,11,1,22.642
2012,11,5,21.38135
2012,11,6,20.92037
2012,11,7,22.55936
2012,11,8,21.5204
2012,11,9,23.30794
2012,11,12,24.23245
2012,11,13,22.79641
2012,11,14,25.48476
2012,11,16,25.30342
2012,11,19,22.87122
2012,11,21,23.47292
2012,11,22,19.94111
2012,11,23,21.79934
2012,11,26,21.09003
2012,11,27,23.71056
2012,11,28,23.20562
2012,11,29,22.62354
2012,11,30,21.44512
2012,12,3,22.12571
2012,12,4,22.54461
2012,12,5,23.16637
2012,12,6,23.07137
2012,12,7,23.11263
2012,12,10,21.11079
2012,12,11,18.45346
2012,12,12,22.02743
2012,12,13,22.18733
2012,12,14,
2012,12,17,22.14679
2012,12,18,21.1788
2012,12,19,21.36772
2012,12,20,22.0525
2012,12,21,20.36867
2012,12,26,20.86966
2012,12,28,22.28053
2013,1,2,20.67481
2013,1,3,18.50791
2013,1,4,21.24009
2013,1,7,18.85158
2013,1,8,20.86887
2013,1,9,20.04319
2013,1,10,19.76428
2013,1,11,20.56864
2013,1,14,19.73062
2013,1,15,18.80244
2013,1,16,20.47401
2013,1,17,18.27169
2013,1,18,17.81884
2013,1,21,20.38176
2013,1,22,20.41285
2013,1,23,16.90357
2013,1,24,19.77132
2013,1,28,20.61634
2013,1,29,18.8055
2013,1,30,18.62108
2013,1,31,16.27306
2013,2,1,20.52252
2013,2,4,21.5628
2013,2,5,21.04483
2013,2,6,20.41759
2013,2,7,19.91348
2013,2,8,19.86341
2013,2,13,18.50267
2013,2,14,19.28119
2013,2,15,19.4508
2013,2,18,19.45208
2013,2,19,19.94868
2013,2,20,19.80569
2013,2,21,20.0529
2013,2,22,19.51828
2013,2,25,18.75703
2013,2,26,19.93031
2013,2,27,18.72769
2013,2,28,18.18218
2013,3,1,19.17099
2013,3,4,18.09319
2013,3,5,18.63018
2013,3,6,19.54754
2013,3,7,18.59208
2013,3,8,18.45659
2013,3,13,19.10587
2013,3,14,18.89925
2013,3,15,19.7338
2013,3,18,19.73766
2013,3,19,21.42095
2013,3,20,19.85507
2013,3,21,20.10499
2013,3,22,20.51052
2013,3,25,20.58047
2013,3,26,19.84382
2013,3,27,19.15041
2013,3,28,18.33888
2013,4,8,21.34805
2013,4,9,20.45468
2013,4,10,21.28042
2013,4,11,19.86063
2013,4,15,23.13064
2013,4,16,21.013
2013,4,17,22.05263
2013,4,18,21.97945
2013,4,19,22.73436
2013,4,22,21.76791
2013,4,23,21.16098
2013,4,24,21.49375
2013,4,25,20.58698
2013,4,26,21.69745
2013,4,29,21.27429
2013,4,30,21.2697
2013,5,2,22.36205
2013,5,3,22.00988
2013,5,6,18.99451
2013,5,7,20.18173
2013,5,8,20.75463
2013,5,9,20.38411
2013,5,10,21.68759
2013,5,13,20.3392
2013,5,14,21.78222
2013,5,15,20.39415
2013,5,16,19.17499
2013,5,17,19.83083
2013,5,20,17.29045
2013,5,21,20.04898
2013,5,22,21.35839
2013,5,23,21.70304
2013,5,24,19.20146
2013,5,27,20.40494
2013,5,28,19.11505
2013,5,29,20.58075
2013,5,31,22.71482
2013,6,3,21.68574
2013,6,4,22.76031
2013,6,5,23.22045
2013,6,6,24.75409
2013,6,7,25.10623
2013,6,10,23.6726
2013,6,11,26.27497
2013,6,12,29.42851
2013,6,13,27.17491
2013,6,14,27.28767
2013,6,17,26.9298
2013,6,18,26.85252
2013,6,19,28.11517
2013,6,20,29.68584
2013,6,21,30.52095
2013,6,24,30.91683
2013,6,25,30.15717
2013,6,26,27.39766
2013,6,27,26.24382
2013,6,28,24.01179
2013,7,1,25.19153
2013,7,2,27.26174
2013,7,3,26.24734
2013,7,4,24.85707
2013,7,5,27.99068
2013,7,8,25.31346
2013,7,10,25.01576
2013,7,11,22.98344
2013,7,12,23.63146
2013,7,15,25.66155
2013,7,16,24.72497
2013,7,17,25.06169
2013,7,18,24.30915
2013,7,19,23.4451
2013,7,22,22.94747
2013,7,23,22.97816
2013,7,24,23.49057
2013,7,25,22.04397
2013,7,26,22.82086
2013,7,29,25.198
2013,7,30,23.09666
2013,7,31,24.13238
2013,8,1,23.86527
2013,8,2,24.63252
2013,8,5,24.59274
2013,8,6,21.99494
2013,8,7,24.37305
2013,8,8,24.00725
2013,8,9,24.51284
2013,8,12,25.5106
2013,8,13,25.62064
2013,8,14,26.77797
2013,8,15,26.63284
2013,8,16,25.01656
2013,8,19,27.74838
2013,8,20,26.9497
2013,8,21,24.91083
2013,8,22,25.11607
2013,8,23,25.49946
2013,8,26,25.26933
2013,8,27,25.93191
2013,8,28,25.36496
2013,8,29,26.97864
2013,8,30,26.68733
2013,9,2,30.74903
2013,9,3,28.77525
2013,9,4,29.1134
2013,9,5,28.45625
2013,9,6,30.59793
2013,9,9,30.51256
2013,9,10,27.35733
2013,9,11,29.68928
2013,9,12,27.77088
2013,9,13,28.08624
2013,9,16,23.27283
2013,9,17,25.2411
2013,9,18,24.62107
2013,9,19,28.93672
2013,9,20,26.80833
2013,9,23,24.69681
2013,9,24,24.86875
2013,9,25,22.44099
2013,9,26,22.73064
2013,9,27,20.88333
2013,9,30,21.8082
2013,10,1,21.22878
2013,10,2,22.3013
2013,10,3,26.66969
2013,10,4,24.03976
2013,10,7,22.85507
2013,10,8,19.62042
2013,10,9,22.5537
2013,10,10,21.40198
2013,10,11,21.88496
2013,10,14,21.20176
2013,10,15,20.90436
2013,10,16,25.05478
2013,10,17,24.69193
2013,10,18,23.76549
2013,10,21,21.02421
2013,10,22,20.70441
2013,10,23,21.79246
2013,10,24,23.7011
2013,10,25,23.21848
2013,10,30,21.99363
2013,10,31,20.40697
2013,11,1,20.00981
2013,11,4,
2013,11,6,19.56084
2013,11,7,17.51949
2013,11,8,21.09014
2013,11,13,22.92613
2013,11,14,21.91118
2013,11,18,21.80186
2013,11,19,22.8903
2013,11,21,24.02621
2013,11,22,23.93984
2013,11,25,
2013,11,26,24.74499
2013,11,27,21.27611
2013,11,28,19.8994
2013,11,29,
2013,12,2,25.66299
2013,12,3,25.61572
2013,12,4,21.46923
2013,12,5,25.0424
2013,12,6,20.85843
2013,12,9,21.23209
2013,12,10,22.48223
2013,12,11,20.62868
2013,12,12,
2013,12,13,20.65628
2013,12,17,22.91566
2013,12,19,19.40058
2013,12,20,19.86369
2013,12,23,
2013,12,26,19.32739
2013,12,27,
2014,1,6,
2014,1,8,17.52482
2014,1,9,20.36616
2014,1,10,20.22741
2014,1,13,19.06852
2014,1,14,20.48377
2014,1,15,19.63762
2014,1,16,16.9781
2014,1,20,21.48081
2014,1,21,18.61143
2014,1,22,19.56411
2014,1,23,21.69897
2014,1,24,23.46665
2014,1,27,20.82571
2014,1,29,20.48252
2014,1,30,23.71042
2014,1,31,17.73227
2014,2,3,18.99703
2014,2,4,20.31553
2014,2,5,21.82495
2014,2,6,21.13556
2014,2,10,21.60239
2014,2,11,20.4457
2014,2,13,21.93703
2014,2,14,22.9695
2014,2,17,23.2472
2014,2,19,23.88868
2014,2,20,22.99726
2014,2,21,22.72434
2014,2,24,23.2829
2014,2,25,25.55563
2014,2,26,21.90398
2014,2,27,22.06169
2014,2,28,22.79824
2014,3,5,23.97398
2014,3,6,23.69235
2014,3,7,24.55368
2014,3,10,25.83415
2014,3,11,26.9508
2014,3,12,25.94129
2014,3,13,23.44363
2014,3,14,27.50588
2014,3,18,22.23537
2014,3,19,22.68225
2014,3,20,19.61011
2014,3,21,23.29696
2014,3,24,22.3087
2014,3,25,22.40017
2014,3,26,22.27722
2014,3,27,20.62339
2014,3,28,22.82022
2014,3,31,20.40563
2014,4,1,19.66417
2014,4,2,20.83667
2014,4,3,20.15531
2014,4,4,18.98393
2014,4,7,21.82261
2014,4,8,23.47924
2014,4,9,20.49755
2014,4,10,24.02356
2014,4,11,21.5528
2014,4,14,20.53466
2014,4,15,24.13181
2014,4,16,22.05298
2014,4,17,22.38825
2014,4,23,
2014,4,24,18.17724
2014,4,25,23.32735
2014,4,28,23.01289
2014,4,29,21.50378
2014,4,30,20.22363
2014,5,2,20.32331
2014,5,5,20.18535
2014,5,7,18.97151
2014,5,8,18.64059
2014,5,9,20.40615
2014,5,12,18.28133
2014,5,13,16.4404
2014,5,14,18.90018
2014,5,15,
2014,5,16,16.95383
2014,5,20,17.58489
2014,5,21,16.81497
2014,5,22,
2014,5,23,18.08675
2014,5,26,15.32696
2014,5,27,18.7401
2014,5,28,16.81854
2014,5,29,17.81185
2014,5,30,18.45242
2014,6,2,17.86847
2014,6,3,19.21682
2014,6,4,20.01785
2014,6,5,19.38097
2014,6,6,18.80722
2014,6,9,15.03923
2014,6,10,19.04264
2014,6,11,19.97537
2014,6,16,20.54644
2014,6,18,20.10201
2014,6,20,21.20569
2014,6,24,20.70446
2014,6,25,22.56336
2014,6,26,
2014,6,30,20.0976
2014,7,1,19.2654
2014,7,3,18.63517
2014,7,7,
2014,7,10,17.42953
2014,7,11,16.41455
2014,7,14,20.56072
2014,7,15,19.65485
2014,7,16,19.97617
2014,7,17,21.58987
2014,7,18,19.52204
2014,7,21,19.84085
2014,7,22,20.63833
2014,7,23,14.92871
2014,7,24,18.36809
2014,7,25,19.83491
2014,7,28,20.84048
2014,7,29,21.91025
2014,7,30,23.51569
2014,7,31,22.21787
2014,8,1,24.39975
2014,8,4,19.85889
2014,8,5,24.51493
2014,8,6,24.60649
2014,8,7,21.4901
2014,8,8,23.2713
2014,8,11,24.36559
2014,8,12,20.74462
2014,8,13,24.983
2014,8,14,26.21092
2014,8,15,26.97872
2014,8,18,23.3069
2014,8,19,24.01889
2014,8,20,20.81582
2014,8,21,22.77927
2014,8,22,17.67103
2014,8,25,24.08423
2014,8,26,23.81462
2014,8,27,24.35555
2014,8,28,18.59771
2014,8,29,22.74047
2014,9,1,24.41799
2014,9,2,23.47951
2014,9,3,21.86566
2014,9,4,23.32651
2014,9,5,22.92779
2014,9,8,24.97939
2014,9,9,24.99574
2014,9,10,25.02831
2014,9,11,23.75392
2014,9,12,26.1842
2014,9,15,27.7179
2014,9,16,26.63278
2014,9,17,26.46003
2014,9,18,29.21901
2014,9,19,28.72984
2014,9,22,31.45053
2014,9,23,30.60701
2014,9,24,31.92473
2014,9,25,31.52898
2014,9,26,28.62211
2014,9,29,32.2661
2014,9,30,33.58354
2014,10,1,31.40212
2014,10,2,30.32233
2014,10,3,31.19781
2014,10,6,33.67412
2014,10,7,34.54527
2014,10,8,38.9012
2014,10,9,39.57715
2014,10,10,37.04913
2014,10,13,38.0068
2014,10,14,36.13118
2014,10,15,38.10336
2014,10,17,39.75861
2014,10,20,42.43776
2014,10,21,44.4336
2014,10,22,42.4012
2014,10,23,38.95589
2014,10,24,42.27152
2014,10,27,23.86888
2014,10,28,24.29741
2014,10,29,20.47047
2014,10,31,24.34574
2014,11,3,20.97179
2014,11,4,22.98608
2014,11,5,25.00269
2014,11,6,25.42291
2014,11,7,27.00048
2014,11,10,20.57797
2014,11,11,23.89872
2014,11,12,24.18353
2014,11,13,30.9932
2014,11,14,25.25497
2014,11,17,23.35638
2014,11,18,26.44544
2014,11,19,20.04694
2014,11,21,22.54894
2014,11,24,24.05158
2014,11,25,23.78
2014,11,26,20.9527
2014,11,27,21.38642
2014,11,28,21.05948
2014,12,2,20.93506
2014,12,3,
2014,12,4,22.83428
2014,12,5,18.98414
2014,12,8,23.32342
2014,12,9,30.30978
2014,12,10,23.76317
2014,12,11,25.44186
2014,12,12,27.47491
2014,12,15,27.20625
2014,12,16,26.78579
2014,12,17,27.06388
2014,12,18,23.74337
2014,12,19,23.37784
2014,12,22,25.47644
2014,12,23,22.8697
2014,12,26,25.65751
2014,12,30,24.52466
2015,1,2,
2015,1,6,29.14634
2015,1,7,26.71745
2015,1,9,27.21372
2015,1,13,23.6994
2015,1,14,26.00338
2015,1,15,
2015,1,19,24.27311
2015,1,20,28.09091
2015,1,21,25.54158
2015,1,22,24.33743
2015,1,23,24.96608
2015,1,26,24.27841
2015,1,27,26.98889
2015,1,28,26.17941
2015,1,29,
2015,1,30,25.77956
2015,2,2,28.22686
2015,2,3,
2015,2,4,27.05087
2015,2,5,25.87416
2015,2,6,27.14594
2015,2,9,
2015,2,10,
2015,2,11,31.29752
2015,2,12,24.77255
2015,2,13,23.67713
2015,2,18,24.12215
2015,2,19,
2015,2,20,
2015,2,24,21.27511
2015,2,25,20.8387
2015,2,26,20.13166
2015,2,27,20.16837
2015,3,2,21.58705
2015,3,3,22.24337
2015,3,4,21.82332
2015,3,5,22.51932
2015,3,6,22.66655
2015,3,9,24.48138
2015,3,10,25.71681
2015,3,11,25.23092
2015,3,12,17.65004
2015,3,13,22.15279
2015,3,16,25.55245
2015,3,17,22.54288
2015,3,18,22.66175
2015,3,20,22.43322
2015,3,23,20.26954
2015,3,24,22.09519
2015,3,25,23.81668
2015,3,27,
2015,3,30,
2015,3,31,25.44377
2015,4,1,24.22748
2015,4,2,22.30598
2015,4,6,22.65993
2015,4,7,20.81905
2015,4,8,21.35675
2015,4,9,
2015,4,10,19.6256
2015,4,13,
2015,4,14,20.62107
2015,4,15,21.61133
2015,4,16,21.38778
2015,4,17,22.50239
2015,4,20,22.55816
2015,4,22,21.46294
2015,4,23,20.34078
2015,4,24,17.27559
2015,4,27,20.65381
2015,4,28,
2015,4,29,
2015,5,4,20.51905
2015,5,5,22.75521
2015,5,7,21.74717
2015,5,8,22.56952
2015,5,11,17.4785
2015,5,12,22.20145
2015,5,13,20.28784
2015,5,14,19.62861
2015,5,15,
2015,5,18,18.44914
2015,5,19,19.30805
2015,5,20,21.64363
2015,5,21,21.87886
2015,5,22,22.10821
2015,5,25,
2015,5,26,21.36581
2015,5,27,22.15782
2015,5,28,22.08195
2015,5,29,20.77147
2015,6,1,13.87826
2015,6,2,21.08904
2015,6,3,22.43806
2015,6,8,21.29256
2015,6,9,19.60555
2015,6,10,16.6108
2015,6,11,20.14946
2015,6,12,19.96092
2015,6,15,20.6369
2015,6,17,20.00126
2015,6,18,18.85038
2015,6,19,20.82224
2015,6,23,22.6512
2015,6,24,
2015,6,25,
2015,6,26,17.91389
2015,6,30,18.31243
2015,7,1,20.35456
2015,7,2,
2015,7,3,21.26285
2015,7,7,21.09723
2015,7,8,21.19244
2015,7,10,22.7958
2015,7,13,21.98747
2015,7,14,21.48125
2015,7,15,17.25912
2015,7,16,19.13676
2015,7,17,
2015,7,20,18.13684
2015,7,22,23.14995
2015,7,23,25.27094
2015,7,24,21.73011
2015,7,27,25.862
2015,7,28,23.83449
2015,7,29,19.64093
2015,7,31,20.88873
2015,8,3,20.83769
2015,8,4,23.57147
2015,8,5,23.10676
2015,8,6,24.67966
2015,8,7,26.41059
2015,8,11,36.62584
2015,8,12,26.9393
2015,8,13,26.66584
2015,8,14,24.56386
2015,8,17,26.18814
2015,8,18,25.55974
2015,8,19,25.11816
2015,8,20,24.68537
2015,8,21,26.71131
2015,8,24,37.00942
2015,8,25,33.18081
2015,8,26,31.22449
2015,8,27,29.89314
2015,8,28,29.07492
2015,8,31,30.58623
2015,9,1,33.26376
2015,9,2,34.08196
2015,9,3,30.86518
2015,9,4,33.80489
2015,9,8,30.84535
2015,9,9,29.76755
2015,9,10,31.69656
2015,9,11,31.11805
2015,9,14,32.23245
2015,9,15,28.35353
2015,9,16,27.85065
2015,9,17,28.5694
2015,9,18,29.97424
2015,9,21,30.87845
2015,9,22,34.36017
2015,9,23,31.45556
2015,9,24,33.87531
2015,9,25,35.20399
2015,9,28,34.56577
2015,9,29,34.06767
2015,9,30,33.79054
2015,10,1,30.65952
2015,10,2,31.14566
2015,10,5,29.00725
2015,10,6,29.7724
2015,10,7,25.96784
2015,10,8,29.06278
2015,10,9,28.73482
2015,10,13,28.26972
2015,10,14,30.48497
2015,10,15,26.91938
2015,10,20,27.15782
2015,10,21,27.65028
2015,10,22,24.93954
2015,10,26,23.06118
2015,10,27,24.05381
2015,10,28,23.10883
2015,10,29,28.05792
2015,10,30,23.3717
2015,11,3,23.87946
2015,11,4,25.16732
2015,11,5,22.78575
2015,11,6,23.71486
2015,11,9,24.37166
2015,11,10,26.03018
2015,11,11,23.21727
2015,11,12,27.38713
2015,11,13,26.10071
2015,11,16,26.61979
2015,11,17,26.31756
2015,11,18,26.22652
2015,11,19,23.84913
2015,11,23,23.22314
2015,11,24,24.89025
2015,11,25,26.56581
2015,11,26,24.40555
2015,11,27,25.31281
2015,11,30,26.88754
2015,12,1,26.3613
2015,12,2,26.29816
2015,12,3,28.04992
2015,12,4,27.2181
2015,12,7,25.73628
2015,12,8,26.4472
2015,12,9,29.21436
2015,12,10,30.19656
2015,12,11,30.19395
2015,12,14,31.66909
2015,12,16,30.41197
2015,12,17,31.11948
2015,12,18,30.24058
2015,12,21,29.29288
2015,12,22,25.82609
2015,12,23,26.33113
2015,12,28,
2015,12,29,26.05146
2015,12,30,24.9263
2016,1,4,25.37344
2016,1,5,27.10609
2016,1,6,26.78814
2016,1,7,29.46212
2016,1,8,25.68782
2016,1,11,29.18012
2016,1,12,29.15341
2016,1,13,29.65936
2016,1,14,31.26354
2016,1,15,32.75251
2016,1,18,31.15376
2016,1,19,30.95121
2016,1,20,28.11005
2016,1,21,30.11038
2016,1,22,29.24712
2016,1,26,28.1696
2016,1,27,24.85446
2016,1,28,30.20227
2016,1,29,28.41452
2016,2,1,28.93062
2016,2,2,28.93431
2016,2,3,34.29902
2016,2,4,29.85621
2016,2,5,30.48737
2016,2,10,29.51519
2016,2,11,27.71288
2016,2,12,30.42524
2016,2,15,29.62777
2016,2,16,29.12309
2016,2,17,29.42573
2016,2,18,30.0981
2016,2,19,27.41631
2016,2,22,28.96691
2016,2,23,28.52316
2016,2,24,28.76481
2016,2,26,29.07988
2016,2,29,30.12834
2016,3,1,29.55582
2016,3,2,28.5679
2016,3,3,30.24947
2016,3,4,33.62649
2016,3,7,30.92927
2016,3,8,30.64512
2016,3,9,30.09671
2016,3,10,27.88753
2016,3,11,33.58998
2016,3,14,30.78743
2016,3,15,36.55494
2016,3,16,31.981
2016,3,17,40.0042
2016,3,18,34.69747
2016,3,21,33.91232
2016,3,22,32.73552
2016,3,23,32.82019
2016,3,24,35.45057
2016,3,28,35.14419
2016,3,29,36.80337
2016,4,1,35.7872
2016,4,4,35.12323
2016,4,5,36.56663
2016,4,6,37.80352
2016,4,7,
2016,4,8,39.53756
2016,4,11,38.19432
2016,4,12,36.93509
2016,4,13,36.02785
2016,4,14,34.65993
2016,4,15,34.37857
2016,4,18,28.32873
2016,4,19,27.0459
2016,4,20,26.06522
2016,4,25,27.71522
2016,4,26,25.6548
2016,4,27,25.22559
2016,4,28,24.90191
2016,5,2,27.14028
2016,5,3,26.14436
2016,5,4,26.64995
2016,5,5,25.96107
2016,5,6,28.41176
2016,5,9,29.1789
2016,5,10,26.84691
2016,5,11,24.78259
2016,5,12,26.50246
2016,5,13,26.73706
2016,5,16,
2016,5,17,26.36781
2016,5,18,27.73744
2016,5,19,28.52667
2016,5,20,25.12691
2016,5,23,28.98134
2016,5,24,27.92254
2016,5,25,27.81264
2016,5,27,25.54495
2016,5,30,26.5935
2016,5,31,27.74641
2016,6,1,27.67011
2016,6,2,23.73876
2016,6,3,26.84744
2016,6,6,24.86131
2016,6,7,23.42162
2016,6,8,24.35272
2016,6,9,25.9515
2016,6,10,26.2635
2016,6,13,21.62448
2016,6,14,25.30713
2016,6,15,26.33211
2016,6,16,24.96767
2016,6,17,25.78074
2016,6,21,25.87485
2016,6,22,24.19933
2016,6,23,25.90427
2016,6,24,24.96902
2016,6,28,25.83521
2016,6,29,25.27012
2016,6,30,
2016,7,1,23.20035
2016,7,4,21.68668
2016,7,5,24.76519
2016,7,6,24.61511
2016,7,7,22.97407
2016,7,8,23.64118
2016,7,11,22.46096
2016,7,12,23.19171
2016,7,13,21.24723
2016,7,14,21.90424
2016,7,15,23.39909
2016,7,18,19.80203
2016,7,19,20.30205
2016,7,20,20.16807
2016,7,21,20.18122
2016,7,22,18.64942
2016,7,25,17.86334
2016,7,27,21.09518
2016,7,28,22.28816
2016,7,29,22.42777
2016,8,1,22.46227
2016,8,2,
2016,8,3,
2016,8,4,23.20077
2016,8,5,21.37958
2016,8,8,20.85208
2016,8,9,19.23409
2016,8,11,20.22756
2016,8,15,19.63118
2016,8,16,21.21297
2016,8,17,23.64788
2016,8,18,21.63372
2016,8,19,21.15479
2016,8,22,22.0824
2016,8,24,22.14055
2016,8,25,22.61366
2016,8,26,23.6435
2016,8,30,
2016,9,1,23.18079
2016,9,2,19.24656
2016,9,5,22.00749
2016,9,6,21.19107
2016,9,8,19.57817
2016,9,9,21.27967
2016,9,13,27.54512
2016,9,14,19.1386
2016,9,15,26.42924
2016,9,16,25.6792
2016,9,19,25.92688
2016,9,20,22.41083
2016,9,21,23.54487
2016,9,22,21.46117
2016,9,23,20.73796
2016,9,26,21.52535
2016,9,27,19.93556
2016,9,28,20.90071
2016,9,29,23.83322
2016,9,30,24.40395
2016,10,3,22.9194
2016,10,4,22.55572
2016,10,5,22.93006
2016,10,6,25.41529
2016,10,7,20.90971
2016,10,10,23.14066
2016,10,11,21.67978
2016,10,13,21.55925
2016,10,14,20.74716
2016,10,17,21.67467
2016,10,18,21.05179
2016,10,19,21.52562
2016,10,20,20.39561
2016,10,21,19.50197
2016,10,24,20.93783
2016,10,25,20.14165
2016,10,26,18.31024
2016,10,27,15.67944
2016,10,28,20.88375
2016,10,31,19.8551
2016,11,1,22.56011
2016,11,3,23.81131
2016,11,4,25.54932
2016,11,7,20.96244
2016,11,8,24.54519
2016,11,10,22.63102
2016,11,11,23.4568
2016,11,16,26.91784
2016,11,17,25.59043
2016,11,21,24.36015
2016,11,22,25.95056
2016,11,23,20.5314
2016,11,24,24.207
2016,11,28,22.97451
2016,11,29,21.037
2016,11,30,26.03071
2016,12,1,23.67437
2016,12,2,28.8891
2016,12,5,31.42863
2016,12,6,19.85875
2016,12,7,24.40662
2016,12,8,25.0828
2016,12,9,24.18533
2016,12,12,27.11932
2016,12,13,25.84686
2016,12,14,25.94763
2016,12,15,22.56782
2016,12,16,21.88472
2016,12,19,24.35596
2016,12,20,22.77122
2016,12,21,23.17951
2016,12,22,23.33092
2016,12,23,21.87259
2016,12,26,
2016,12,27,18.91825
2016,12,28,23.81349
2016,12,29,23.98367
2017,1,2,20.23647
2017,1,3,22.21114
2017,1,4,23.27709
2017,1,5,22.7792
2017,1,9,20.84892
2017,1,10,
2017,1,11,21.68304
2017,1,12,22.44201
2017,1,13,18.37236
2017,1,16,22.07319
2017,1,17,21.35335
2017,1,18,20.95548
2017,1,19,22.57049
2017,1,20,23.66986
2017,1,23,20.12515
2017,1,24,21.09725
2017,1,27,22.42009
2017,1,30,22.04931
2017,1,31,15.11245
2017,2,1,18.73265
2017,2,2,21.51428
2017,2,3,21.88362
2017,2,6,19.74171
2017,2,7,18.48368
2017,2,8,21.18966
2017,2,9,21.42657
2017,2,10,20.69687
2017,2,13,19.62781
2017,2,14,20.53688
2017,2,15,21.18942
2017,2,16,19.73575
2017,2,17,21.29937
2017,2,20,23.57558
2017,2,21,20.3347
2017,2,22,20.3103
2017,2,23,24.3279
2017,2,24,23.6657
2017,3,2,20.95034
2017,3,3,21.29204
2017,3,6,23.13069
2017,3,7,20.11881
2017,3,8,22.32717
2017,3,9,17.64803
2017,3,10,21.49318
2017,3,14,17.02905
2017,3,15,16.66951
2017,3,16,20.26827
2017,3,17,19.99022
2017,3,20,20.48353
2017,3,21,19.25123
2017,3,22,22.85107
2017,3,23,22.67862
2017,3,24,17.7684
2017,3,27,
2017,3,28,18.95085
2017,3,30,20.49693
2017,3,31,18.93455
2017,4,3,20.01677
2017,4,4,20.54392
2017,4,5,20.48634
2017,4,6,22.1398
2017,4,7,21.93057
2017,4,10,22.68414
2017,4,11,22.47682
2017,4,13,23.77834
2017,4,17,25.2044
2017,4,18,20.61136
2017,4,19,23.56609
2017,4,20,23.44152
2017,4,25,22.54206
2017,4,26,21.47865
2017,4,27,20.5584
2017,4,28,19.50185
2017,5,2,19.95017
2017,5,3,20.44129
2017,5,4,19.98738
2017,5,5,17.42703
2017,5,8,15.91215
2017,5,11,20.85489
2017,5,12,21.66149
2017,5,15,20.93019
2017,5,16,20.40806
2017,5,17,20.82212
2017,5,18,
2017,5,19,32.19167
2017,5,22,29.58256
2017,5,23,27.57617
2017,5,24,23.83322
2017,5,25,24.61099
2017,5,26,23.33414
2017,5,29,24.34167
2017,5,30,22.09696
2017,5,31,26.87395
2017,6,1,22.25161
2017,6,2,22.39277
2017,6,5,24.54719
2017,6,6,23.03764
2017,6,7,23.07438
2017,6,8,27.14108
2017,6,9,24.39483
2017,6,12,23.86898
2017,6,13,23.11613
2017,6,14,22.17305
2017,6,16,21.45413
2017,6,19,21.17864
2017,6,20,20.30317
2017,6,21,22.69831
2017,6,22,22.80774
2017,6,23,20.26796
2017,6,26,20.73881
2017,6,27,24.87944
2017,6,28,
2017,6,29,20.9851
2017,6,30,20.90847
2017,7,3,19.80961
2017,7,4,23.0807
2017,7,5,19.29858
2017,7,6,20.40469
2017,7,7,20.86639
2017,7,10,19.71357
2017,7,11,20.07164
2017,7,12,19.33006
2017,7,13,17.58414
2017,7,14,14.91118
2017,7,17,18.04795
2017,7,18,15.6469
2017,7,19,16.62648
2017,7,20,16.86873
2017,7,21,
2017,7,24,17.49243
2017,7,25,19.25644
2017,7,26,17.34074
2017,7,27,16.8196
2017,7,28,17.77746
2017,7,31,18.60757
2017,8,1,18.24833
2017,8,2,16.41383
2017,8,3,18.8056
2017,8,4,18.07597
2017,8,7,18.24241
2017,8,8,17.74351
2017,8,9,17.00876
2017,8,10,20.25641
2017,8,11,18.44133
2017,8,14,17.88923
2017,8,15,19.718
2017,8,16,18.77998
2017,8,17,19.30059
2017,8,18,18.72736
2017,8,21,17.1541
2017,8,22,18.87703
2017,8,23,17.24361
2017,8,24,20.87997
2017,8,25,16.60547
2017,8,28,18.187
2017,8,30,15.49945
2017,8,31,17.97407
2017,9,1,18.50002
2017,9,4,
2017,9,5,18.32661
2017,9,6,18.99299
2017,9,8,18.53379
2017,9,11,18.73244
2017,9,12,19.47716
2017,9,13,21.59508
2017,9,14,19.58209
2017,9,15,19.6003
2017,9,18,19.76707
2017,9,19,
2017,9,20,18.11136
2017,9,21,20.42903
2017,9,22,22.36866
2017,9,25,19.65508
2017,9,26,19.39834
2017,9,27,21.62228
2017,9,28,29.2358
2017,9,29,19.93557
2017,10,2,21.3364
2017,10,3,20.5845
2017,10,4,17.59618
2017,10,5,19.82105
2017,10,6,20.33419
2017,10,9,20.34559
2017,10,10,21.23888
2017,10,11,20.40138
2017,10,13,18.6548
2017,10,16,19.48936
2017,10,17,18.26604
2017,10,18,20.24457
2017,10,19,18.94802
2017,10,20,19.08751
2017,10,23,18.52762
2017,10,24,18.08812
2017,10,27,20.38603
2017,10,30,22.53939
2017,11,1,21.55153
2017,11,6,16.69608
2017,11,7,20.95842
2017,11,9,19.52216
2017,11,10,20.34
2017,11,14,21.18573
2017,11,16,18.36292
2017,11,21,23.54036
2017,11,22,22.27831
2017,11,23,21.78023
2017,11,24,25.17642
2017,11,27,24.13909
2017,11,29,20.9944
2017,11,30,23.00169
2017,12,1,23.17111
2017,12,4,22.95048
2017,12,5,27.59292
2017,12,7,22.87424
2017,12,8,26.03158
2017,12,11,24.2092
2017,12,12,22.65429
2017,12,13,23.77955
2017,12,14,17.93503
2017,12,18,19.22563
2017,12,19,20.4826
2017,12,20,
2017,12,21,18.91128
2017,12,26,18.98136
2017,12,28,
2018,1,3,18.90693
2018,1,4,18.12815
2018,1,5,18.27697
2018,1,8,19.24383
2018,1,9,20.6841
2018,1,10,19.33384
2018,1,11,21.08062
2018,1,12,
2018,1,15,23.65427
2018,1,16,23.64017
2018,1,17,21.7409
2018,1,18,20.62762
2018,1,19,22.78674
2018,1,23,19.94796
2018,1,24,18.76009
2018,1,26,19.29994
2018,1,29,18.16471
2018,1,30,18.74223
2018,1,31,
2018,2,1,
2018,2,2,20.37911
2018,2,5,16.98908
2018,2,6,
2018,2,7,20.51827
2018,2,8,23.1462
2018,2,9,23.10322
2018,2,14,21.17537
2018,2,15,17.78648
2018,2,16,18.45987
2018,2,19,19.33082
2018,2,21,22.23381
2018,2,22,21.00874
2018,2,23,18.29628
2018,2,27,18.51653
2018,2,28,22.45836
2018,3,2,22.77689
2018,3,5,24.25928
2018,3,6,15.79619
2018,3,7,
2018,3,9,13.22404
2018,3,12,
2018,3,14,18.21798
2018,3,15,17.3609
2018,3,16,19.7947
2018,3,19,21.13909
2018,3,20,20.18769
2018,3,21,19.94481
2018,3,22,20.761
2018,3,26,21.22055
2018,3,27,22.40079
2018,3,28,21.13521
2018,3,29,21.43889
2018,4,2,21.96751
2018,4,3,23.93111
2018,4,4,24.0869
2018,4,5,20.39238
2018,4,9,23.85995
2018,4,10,22.84321
2018,4,12,18.86617
2018,4,13,18.98792
2018,4,16,21.70673
2018,4,17,
2018,4,18,16.95404
2018,4,19,17.21249
2018,4,20,
2018,4,23,
2018,4,25,19.51354
2018,4,27,19.59086
2018,4,30,
2018,5,2,18.17682
2018,5,3,19.65515
2018,5,4,
2018,5,8,
2018,5,9,14.4216
2018,5,11,18.68757
2018,5,14,13.10875
2018,5,15,18.85958
2018,5,17,19.56266
2018,5,18,22.32689
2018,5,21,20.81773
2018,5,22,24.66997
2018,5,23,21.91933
2018,5,24,19.91572
2018,5,25,23.77853
2018,5,28,24.43736
2018,5,29,22.93124
2018,5,30,22.95267
2018,6,1,17.45136
2018,6,5,20.98248
2018,6,6,22.34752
2018,6,7,28.5055
2018,6,8,33.86519
2018,6,11,23.90159
2018,6,13,
2018,6,14,22.22312
2018,6,15,23.29915
2018,6,18,31.4554
2018,6,19,22.99267
2018,6,20,
2018,6,21,23.40026
2018,6,22,22.75321
2018,6,25,27.18712
2018,6,26,14.38549
2018,6,27,22.06336
2018,6,28,21.62973
2018,6,29,
2018,7,2,
2018,7,3,23.05095
2018,7,4,24.37573
2018,7,5,24.7677
2018,7,6,
2018,7,10,
2018,7,11,
2018,7,12,20.61462
2018,7,13,23.01664
2018,7,16,
2018,7,17,20.19197
2018,7,18,21.46681
2018,7,20,22.50592
2018,7,23,
2018,7,24,19.10693
2018,7,25,20.84586
2018,7,26,21.06656
2018,7,27,24.35293
2018,7,31,20.28736
2018,8,1,26.61097
2018,8,2,22.07592
2018,8,3,23.61324
2018,8,6,20.36334
2018,8,7,
2018,8,8,27.23941
2018,8,10,29.79131
2018,8,13,
2018,8,14,29.27485
2018,8,15,26.42896
2018,8,16,26.99133
2018,8,17,28.81913
2018,8,20,
2018,8,21,31.42482
2018,8,23,29.3482
2018,8,24,34.27366
2018,8,27,
2018,8,28,
2018,8,29,32.37265
2018,8,30,31.79667
2018,8,31,30.27569
2018,9,3,36.325
2018,9,4,38.24067
2018,9,5,28.76899
2018,9,6,31.95027
2018,9,10,30.6501
2018,9,11,26.81516
2018,9,12,28.82327
2018,9,13,21.89792
2018,9,14,19.68388
2018,9,17,31.95292
2018,9,18,30.28149
2018,9,19,29.83416
2018,9,21,
2018,9,24,25.57722
2018,9,25,29.7368
2018,9,26,29.09348
2018,9,27,
2018,10,1,29.87925
2018,10,2,29.43238
2018,10,3,29.80643
2018,10,4,27.09504
2018,10,5,28.18857
2018,10,8,23.7906
2018,10,9,25.99091
2018,10,10,28.80975
2018,10,11,28.86411
2018,10,15,23.08051
2018,10,18,26.43482
2018,10,19,
2018,10,22,20.67089
2018,10,23,26.64824
2018,10,24,24.62451
2018,10,26,30.33089
2018,10,29,26.26141
2018,10,31,
2018,11,1,27.65665
2018,11,5,24.96848
2018,11,6,26.57767
2018,11,7,18.54558
2018,11,8,22.98771
2018,11,9,26.41144
2018,11,12,25.50854
2018,11,13,19.38637
2018,11,14,25.59114
2018,11,16,23.38951
2018,11,19,23.51502
2018,11,21,25.73039
2018,11,22,24.4617
2018,11,23,19.64193
2018,11,26,21.22083
2018,11,27,22.8424
2018,11,28,19.73123
2018,11,29,26.55439
2018,11,30,23.64838
2018,12,3,23.91284
2018,12,4,23.9066
2018,12,5,21.88019
2018,12,6,23.05129
2018,12,7,17.31823
2018,12,10,23.66106
2018,12,11,24.24293
2018,12,12,21.80708
2018,12,13,22.80034
2018,12,14,22.25621
2018,12,17,19.13816
2018,12,18,20.35854
2018,12,19,22.70151
2018,12,20,21.53209
2018,12,21,
2018,12,26,23.57744
2018,12,27,23.81857
2019,1,2,26.73767
2019,1,3,23.7195
2019,1,7,23.54446
2019,1,9,22.91842
2019,1,10,21.12379
2019,1,14,20.30548
2019,1,15,19.15423
2019,1,16,15.61716
2019,1,17,19.93746
2019,1,18,22.32148
2019,1,22,22.50001
2019,1,23,22.36994
2019,1,24,19.98572
2019,1,28,21.00503
2019,1,29,22.19749
2019,1,30,24.78714
2019,1,31,23.16904
2019,2,1,20.96781
2019,2,4,19.31329
2019,2,5,20.66271
2019,2,6,22.59734
2019,2,7,24.42584
2019,2,8,21.53929
2019,2,11,24.39349
2019,2,12,22.6132
2019,2,13,22.65208
2019,2,14,23.05892
2019,2,18,20.81477
2019,2,19,21.64906
2019,2,20,21.55804
2019,2,21,27.25257
2019,2,25,17.69788
2019,2,26,21.46483
2019,2,27,20.78114
2019,2,28,20.50056
2019,3,1,19.979
2019,3,6,20.5359
2019,3,7,20.87773
2019,3,11,20.37129
2019,3,12,20.00133
2019,3,13,19.59559
2019,3,14,19.28271
2019,3,15,18.63546
2019,3,20,19.1242
2019,3,21,20.32322
2019,3,22,24.25195
2019,3,25,21.51622
2019,3,26,23.4992
2019,3,27,23.28623
2019,3,28,23.77376
2019,3,29,23.7997
2019,4,1,22.01954
2019,4,2,21.58122
2019,4,3,23.15884
2019,4,4,22.15513
2019,4,5,20.5757
2019,4,8,18.69094
2019,4,9,19.93741
2019,4,10,16.39198
2019,4,11,20.91961
2019,4,12,21.87966
2019,4,15,21.2969
2019,4,16,20.02405
2019,4,18,21.07332
2019,4,22,20.47321
2019,4,23,17.78113
2019,4,24,15.86149
2019,4,25,14.87099
2019,4,26,17.15976
2019,4,29,20.36756
2019,4,30,18.39347
2019,5,2,18.9753
2019,5,3,
2019,5,6,20.52667
2019,5,7,21.60425
2019,5,8,21.04531
2019,5,9,19.73163
2019,5,10,19.49594
2019,5,13,34.68945
2019,5,14,22.55182
2019,5,15,22.31524
2019,5,16,25.21628
2019,5,20,23.46752
2019,5,21,22.12887
2019,5,23,22.71663
2019,5,24,23.47226
2019,5,27,20.38299
2019,5,28,23.04082
2019,5,29,21.87086
2019,5,30,22.44926
2019,6,3,22.98708
2019,6,4,22.42723
2019,6,5,23.87873
2019,6,6,22.71416
2019,6,7,22.90973
2019,6,10,22.84702
2019,6,11,22.35255
2019,6,12,21.98184
2019,6,13,21.86123
2019,6,14,22.64798
2019,6,17,
2019,6,19,20.04306
2019,6,21,19.8387
2019,6,25,20.74717
2019,6,26,18.3548
2019,6,28,21.39595
2019,7,1,19.71454
2019,7,3,20.28595
2019,7,4,19.75516
2019,7,5,20.02345
2019,7,8,20.15081
2019,7,10,19.13129
2019,7,11,19.57252
2019,7,12,19.78559
2019,7,16,19.53477
2019,7,17,16.57551
2019,7,18,15.87378
2019,7,19,19.97453
2019,7,22,17.68434
2019,7,23,20.5058
2019,7,24,20.88634
2019,7,25,18.30393
2019,7,26,19.72131
2019,7,29,21.03207
2019,7,30,17.21499
2019,7,31,19.64513
2019,8,1,22.76101
2019,8,2,19.77711
2019,8,5,23.08327
2019,8,6,21.81619
2019,8,7,26.76931
2019,8,8,19.86086
2019,8,9,21.51834
2019,8,12,19.44261
2019,8,13,22.10511
2019,8,14,22.62748
2019,8,15,23.15404
2019,8,20,
2019,8,21,22.02032
2019,8,23,24.48871
2019,8,26,21.85954
2019,8,27,22.29371
2019,8,28,23.10254
2019,8,29,20.69161
2019,8,30,22.04585
2019,9,3,19.04058
2019,9,4,20.57007
2019,9,5,19.63988
2019,9,6,20.48421
2019,9,10,17.1205
2019,9,11,19.0577
2019,9,12,19.20405
2019,9,13,21.45858
2019,9,16,21.494
2019,9,17,20.83792
2019,9,18,21.36656
2019,9,19,19.22116
2019,9,20,19.37925
2019,9,23,18.84227
2019,9,24,18.76046
2019,9,25,16.20797
2019,9,26,17.84532
2019,9,30,17.9321
2019,10,1,20.3942
2019,10,2,21.436
2019,10,3,18.52762
2019,10,4,17.8745
2019,10,7,19.92254
2019,10,8,21.49575
2019,10,9,19.99318
2019,10,10,19.52948
2019,10,11,16.82804
2019,10,14,19.92662
2019,10,15,18.88386
2019,10,16,19.42347
2019,10,17,19.07009
2019,10,18,16.93156
2019,10,21,18.25995
2019,10,22,18.61256
2019,10,24,16.84494
2019,10,25,18.50471
2019,10,28,18.38688
2019,10,29,18.9769
2019,10,30,18.0293
2019,10,31,19.56855
2019,11,1,18.13339
2019,11,4,20.96069
2019,11,5,18.3255
2019,11,7,18.55055
2019,11,11,21.47886
2019,11,12,23.08885
2019,11,13,17.36909
2019,11,18,19.66265
2019,11,21,18.11358
2019,11,22,17.72403
2019,11,25,16.60217
2019,11,26,17.705
2019,11,27,18.0976
2019,12,2,16.8237
2019,12,3,17.43161
2019,12,4,17.1115
2019,12,5,17.45068
2019,12,6,19.2017
2019,12,9,17.71631
2020,1,2,18.75134
2020,1,3,19.68243
2020,1,6,20.0938
2020,1,7,19.41112
2020,1,8,20.51316
2020,1,9,19.63861
2020,1,10,19.55434
2020,1,13,18.66851
2020,1,14,17.9087
2020,1,15,18.89986
2020,1,17,17.67764
2020,1,20,15.89699
2020,1,21,17.6002
2020,1,22,17.96893
2020,1,23,16.29411
2020,1,24,18.38252
2020,1,27,15.74293
2020,1,28,19.10779
2020,1,29,15.95047
2020,1,30,20.70012
2020,1,31,20.76974
2020,2,3,18.59995
2020,2,4,16.11664
2020,2,5,18.84992
2020,2,6,20.46129
2020,2,7,22.60901
2020,2,10,22.66912
2020,2,11,16.9468
2020,2,12,19.28955
2020,2,13,19.33004
2020,2,14,20.99729
2020,2,17,18.77787
2020,2,18,21.26611
2020,2,19,18.03604
2020,2,20,18.94333
2020,2,26,25.09641
2020,2,27,29.50609
2020,2,28,34.58778
2020,3,2,25.88261
2020,3,3,27.25891
2020,3,5,31.3448
2020,3,6,41.53878
2020,3,10,40.89886
2020,3,11,66.63103
2020,3,12,52.06765
2020,3,13,71.23759
2020,3,17,85.13941
2020,3,18,113.5223
2020,3,19,108.5918
2020,3,20,
2020,3,23,118.5188
2020,3,24,69.12771
2020,3,25,54.25598
2020,3,26,51.02956
2020,3,27,83.86263
2020,3,30,52.23608
2020,3,31,79.60199
2020,4,1,74.00674
2020,4,2,62.03746
2020,4,3,60.7472
2020,4,6,75.402
2020,4,7,58.37932
2020,4,8,69.935
2020,4,9,41.93684
2020,4,13,39.64812
2020,4,14,44.08398
2020,4,15,37.69529
2020,4,16,49.52024
2020,4,17,52.59992
2020,4,20,48.546
2020,4,22,44.09884
2020,4,24,61.50984
2020,4,27,44.74348
2020,4,28,43.95777
2020,4,29,44.69958
2020,4,30,47.64146
2020,5,5,44.75912
2020,5,6,46.01664
2020,5,7,40.61918
2020,5,8,46.05624
2020,5,11,48.42074
2020,5,12,45.96458
2020,5,13,49.6698
2020,5,14,45.90947
2020,5,15,38.33004
2020,5,18,43.9977
2020,5,19,34.08223
2020,5,21,38.39653
2020,5,22,40.31864
2020,5,25,35.1231
2020,5,26,37.14781
2020,5,27,36.50246
2020,6,1,31.29648
2020,6,2,8.152031
2020,6,3,5.30226
2020,6,4,29.88289
2020,6,8,29.78498
2020,6,9,4.782086
2020,6,10,32.3909
2020,6,12,7.524928
2020,6,15,36.9649
2020,6,16,30.92236
2020,6,17,6.552116
2020,6,18,
2020,6,19,6.680773
2020,6,22,34.59727
2020,6,24,32.94344
2020,6,25,35.60825
2020,6,29,27.63301
2020,6,30,39.30509
2020,7,1,
2020,7,2,32.41682
2020,7,3,35.04256
2020,7,6,34.22639
2020,7,7,37.10411
2020,7,8,32.40501
2020,7,9,31.85716
2020,7,10,32.60257
2020,7,13,32.50518
2020,7,14,30.99079
2020,7,15,28.50119
2020,7,16,29.87985
2020,7,17,31.93857
2020,7,20,29.07117
2020,7,22,27.96511
2020,7,23,33.01891
2020,7,24,31.61125
2020,7,27,27.84371
2020,7,28,28.8076
2020,7,29,21.92613
2020,7,30,31.23631
2020,7,31,32.84697
2020,8,3,25.80629
2020,8,4,29.71065
2020,8,5,25.94132
2020,8,6,28.75801
2020,8,7,27.86719
2020,8,10,25.71056
2020,8,11,27.66514
2020,8,13,28.883
2020,8,14,27.07142
2020,8,17,31.41092
2020,8,18,28.76414
2020,8,19,26.73245
2020,8,20,29.06583
2020,8,21,31.04984
2020,8,24,23.64372
2020,8,25,26.24372
2020,8,26,27.42467
2020,8,27,31.85843
2020,8,28,29.39308
2020,8,31,
2020,9,1,29.16747
2020,9,2,30.68746
2020,9,3,32.46373
2020,9,4,35.12918
2020,9,8,31.31185
2020,9,9,26.53705
2020,9,10,30.38341
2020,9,11,34.04169
2020,9,14,29.86367
2020,9,15,30.77182
2020,9,16,29.79771
2020,9,17,29.15637
2020,9,18,31.4729
2020,9,21,32.37428
2020,9,22,30.0115
2020,9,23,29.87863
2020,9,24,29.55868
2020,9,25,30.27942
2020,9,28,34.13348
2020,9,29,32.79478
2020,9,30,32.91374
2020,10,1,31.3643
2020,10,2,34.83382
2020,10,5,38.88379
2020,10,6,37.01758
2020,10,7,33.10485
2020,10,8,33.10469
2020,10,9,31.35587
2020,10,13,33.14383
2020,10,14,29.85431
2020,10,15,29.48419
2020,10,16,27.09513
2020,10,19,31.09837
2020,10,20,29.08799
2020,10,23,26.26488
2020,10,27,30.91469
2020,10,28,36.3349
2020,10,29,34.43616
2020,10,30,38.19613
2020,11,3,32.21126
2020,11,4,32.25816
2020,11,5,28.99962
2020,11,6,26.60443
2020,11,9,26.40266
2020,11,10,25.68077
2020,11,12,33.19651
2020,11,13,26.02438
2020,11,16,26.11977
2020,11,17,24.49432
2020,11,18,25.65569
2020,11,19,26.32072
2020,11,20,29.95672
2020,11,23,27.8618
2020,11,24,27.90559
2020,11,25,27.79053
2020,11,27,28.95449
2020,11,30,29.04145
2020,12,1,27.08696
2020,12,2,27.04448
2020,12,3,26.95119
2020,12,4,21.46353
2020,12,7,27.0797
2020,12,8,33.1959
2020,12,9,25.67884
2020,12,10,22.76496
2020,12,11,20.25227
2020,12,14,26.7666
2020,12,15,27.4209
2020,12,16,29.32552
2020,12,17,29.37808
2020,12,21,26.23611
2020,12,22,27.661
2020,12,23,25.7996
2020,12,28,30.17603
2020,12,29,26.41154
2020,12,30,26.60403
2021,1,4,31.77732
2021,1,5,25.65357
2021,1,6,26.80076
2021,1,7,24.82411
2021,1,8,27.88319
2021,1,11,29.11136
2021,1,12,28.36992
2021,1,13,31.8531
2021,1,14,27.10442
2021,1,15,31.65644
2021,1,19,27.13144
2021,1,20,29.44853
2021,1,21,32.01675
2021,1,22,31.74086
2021,1,26,29.16684
2021,1,27,28.37304
2021,1,28,35.39177
2021,1,29,22.13305
2021,2,1,27.33488
2021,2,2,25.96718
2021,2,3,22.266
2021,2,4,25.81878
2021,2,5,29.42511
2021,2,8,29.61938
2021,2,9,31.33672
2021,2,10,28.34778
2021,2,11,24.93196
2021,2,12,26.01066
2021,2,17,23.85568
2021,2,18,27.23819
2021,2,19,26.40418
2021,2,22,27.86593
2021,2,23,25.89718
2021,2,24,28.57097
2021,2,25,30.71091
2021,2,26,30.23164
2021,3,1,34.26208
2021,3,2,28.66521
2021,3,4,28.90186
2021,3,5,32.61096
2021,3,8,34.48642
2021,3,9,29.24151
2021,3,10,28.96844
2021,3,11,26.14997
2021,3,15,28.96996
2021,3,17,21.5846
2021,3,18,27.76443
2021,3,19,29.63396
2021,3,22,25.1949
2021,3,23,22.82964
2021,3,24,30.15642
2021,3,25,28.20677
2021,3,26,23.88966
2021,3,29,28.88894
2021,3,30,28.49173
2021,3,31,14.47017
2021,4,1,22.87128
2021,4,5,22.31143
2021,4,6,21.60509
2021,4,7,25.54433
2021,4,8,22.41179
2021,4,9,23.05322
2021,4,12,26.39345
2021,4,13,25.71233
2021,4,14,
2021,4,15,24.64975
2021,4,16,23.10419
2021,4,19,22.85462
2021,4,22,24.98981
2021,4,26,22.01665
2021,4,27,24.03227
2021,4,29,22.63918
2021,5,3,23.70485
2021,5,4,23.90024
2021,5,5,22.96176
2021,5,6,22.56959
2021,5,7,21.75055
2021,5,10,23.34635
2021,5,11,17.96604
2021,5,12,26.61759
2021,5,13,24.06937
2021,5,14,21.71028
2021,5,18,22.31307
2021,5,19,23.78201
2021,5,20,23.6472
2021,5,21,23.26751
2021,5,24,21.89183
2021,5,25,21.63733
2021,5,26,20.98442
2021,5,27,16.73387
2021,5,28,19.38189
2021,5,31,18.65036
2021,6,1,21.18816
2021,6,2,18.70626
2021,6,4,20.29222
2021,6,7,20.97108
2021,6,8,17.60964
2021,6,9,21.09439
2021,6,10,19.44971
2021,6,11,19.46351
2021,6,14,16.55556
2021,6,15,18.40257
2021,6,16,23.24513
2021,6,17,21.12531
2021,6,18,21.32028
2021,6,22,19.72923
2021,6,23,17.47484
2021,6,24,20.28304
2021,6,28,20.85088
2021,6,29,20.48381
2021,7,1,21.07697
2021,7,6,32.4266
2021,7,7,20.41502
2021,7,8,22.16828
2021,7,14,22.73371
2021,7,15,21.2964
2021,7,16,20.47673
2021,7,19,20.09585
2021,7,20,22.27271
2021,7,21,21.9866
2021,7,22,19.8411
2021,7,23,19.81699
2021,7,26,21.21004
2021,8,2,24.52111
2021,8,3,22.26857
2021,8,4,20.63907
2021,8,5,20.26164
2021,8,6,20.46521
2021,8,9,21.4483
2021,8,10,20.84162
2021,8,11,22.25066
2021,8,12,22.39497
2021,8,13,22.58217
2021,8,16,24.33714
2021,8,17,25.88165
2021,8,18,28.05947
2021,8,19,27.49758
2021,8,20,25.06898
2021,8,23,19.81699
2021,8,24,23.49921
2021,8,25,22.22791
2021,8,26,22.56031
2021,8,27,23.15271
2021,8,30,21.40862
2021,8,31,25.22255
2021,9,1,21.46028
2021,9,2,25.34698
2021,9,3,25.42786
2021,9,6,22.0588
2021,9,9,26.49103
2021,9,10,21.57091
2021,9,13,25.26376
2021,9,14,25.65278
2021,9,15,25.50774
2021,9,16,26.76333
2021,9,17,26.12576
2021,9,20,29.52038
2021,9,21,29.11061
2021,9,22,25.06172
2021,9,23,30.44282
2021,9,24,25.59424
2021,9,27,21.30924
2021,9,28,29.44065
2021,9,29,25.93896
2021,9,30,25.31796
2021,10,1,32.58578
2021,10,4,25.20639
2021,10,5,24.77202
2021,10,6,25.51482
2021,10,7,25.46276
2021,10,8,25.7607
2021,10,11,25.72387
2021,10,13,25.68287
2021,10,14,24.51221
2021,10,18,23.07267
2021,10,19,25.13723
2021,10,20,25.90229
2021,10,21,31.05616
2021,10,22,29.27529
2021,10,25,27.05089
2021,10,26,31.30674
2021,10,27,27.30405
2021,10,28,26.93312
2021,10,29,26.15217
2021,11,1,27.36895
2021,11,5,26.41984
2021,11,8,22.62984
2021,11,9,24.58298
2021,11,10,25.65654
2021,11,11,23.41731
2021,11,16,26.90943
2021,11,17,24.60156
2021,11,18,29.01662
2021,11,19,28.60361
2021,11,22,25.14833
2021,11,23,28.6051
2021,11,24,25.44675
2021,11,26,28.1732
2021,11,30,26.34585
2021,12,1,21.90012
2021,12,2,27.03788
2021,12,3,27.30112
2021,12,6,32.07048
2021,12,7,27.07272
2021,12,8,24.41258
2021,12,9,28.70081
2021,12,10,28.39738
2021,12,13,27.41489
2021,12,14,24.82111
2021,12,15,22.97575
2021,12,16,25.79997
2021,12,17,24.14529
2021,12,20,27.72003
2021,12,21,25.46198
2021,12,22,23.86866
2021,12,27,22.45358
2021,12,28,24.98358
2021,12,30,24.58943
2022,1,3,24.61875
2022,1,4,23.34865
2022,1,5,24.70947
2022,1,6,24.06782
2022,1,10,24.0293
2022,1,11,23.27748
2022,1,14,23.7224
2022,1,18,21.16416
2022,1,19,23.50938
2022,1,21,25.67625
2022,1,24,25.06903
2022,1,25,26.15556
2022,1,26,24.77072
2022,1,27,24.77392
2022,1,31,24.84703
