date,average_short_interest
2012-11-07,32.501255248092974
2012-11-08,32.37419413069179
2012-11-09,30.765556703889242
2012-11-12,30.906294759680648
2012-11-13,30.897397046996794
2012-11-14,30.743205324163032
2012-11-16,31.259898032227316
2012-11-19,30.821608774661026
2012-11-21,31.012534084818352
2012-11-22,30.855585081081326
2012-11-23,30.339777107421675
2012-11-26,29.868958286226697
2012-11-27,29.89441757830348
2012-11-28,29.98653923251021
2012-11-29,29.529842100349395
2012-11-30,29.77262318048059
2012-12-03,30.573723767498667
2012-12-04,30.89314054437078
2012-12-05,30.757551433591257
2012-12-06,32.14099283538615
2012-12-07,30.57452082149772
2012-12-10,30.698840532597508
2012-12-11,30.736028384860603
2012-12-12,30.633878058118416
2012-12-13,31.186740145795028
2012-12-14,31.59798591645955
2012-12-17,31.47023407544787
2012-12-18,31.818820887887114
2012-12-19,32.36096047616136
2012-12-20,32.84395029146171
2012-12-21,33.19520928557714
2012-12-26,36.93610700533997
2012-12-27,38.15750801443125
2012-12-28,39.00266881532867
2013-01-02,32.35122043276993
2013-01-03,32.52523104155685
2013-01-04,33.531004061890314
2013-01-07,34.54905069496981
2013-01-08,33.283814400320466
2013-01-09,33.385224751246135
2013-01-10,33.74514436974889
2013-01-11,34.19744992513663
2013-01-14,34.145584948646125
2013-01-15,34.82010576271791
2013-01-16,35.07800845187739
2013-01-17,34.97426329971526
2013-01-18,35.270434189347995
2013-01-21,35.36638346756983
2013-01-22,36.11728045246149
2013-01-23,35.86430628419
2013-01-24,35.93508641292477
2013-01-28,35.59271614990145
2013-01-29,35.51762062307446
2013-01-30,35.66282619996881
2013-01-31,36.090230208523174
2013-02-01,36.62428668199406
2013-02-04,37.264837995218905
2013-02-05,37.575602901325816
2013-02-06,39.38846462877477
2013-02-07,37.832549892181845
2013-02-08,38.19902062317997
2013-02-15,38.80476577892241
2013-02-19,38.889955502023426
2013-02-20,39.13596623440041
2013-02-21,39.3359537865945
2013-02-22,39.6834639294857
2013-02-25,40.02385350414849
2013-02-26,40.74010775119085
2013-02-27,41.00757140237281
2013-02-28,41.28161316652587
2013-03-01,42.1580435612098
2013-03-04,41.76312706371658
2013-03-05,42.16580291208883
2013-03-06,45.6816675870903
2013-03-07,44.28939973856327
2013-03-08,46.77539078128584
2013-03-11,41.95512620174227
2013-03-12,42.339648333683506
2013-03-13,42.45514272773931
2013-03-14,43.477793040754705
2013-03-15,43.8773545712445
2013-03-18,43.9999302627943
2013-03-19,44.09835975595476
2013-03-20,45.253576205135815
2013-03-21,43.73807704835141
2013-03-22,43.8933401498233
2013-03-25,43.833259245053426
2013-03-26,42.84647468430639
2013-03-27,42.77280914278691
2013-03-28,43.251155489036194
2013-04-01,43.46338051669047
2013-04-02,43.95053058227275
2013-04-03,44.403152296862054
2013-04-04,46.82341560527836
2013-04-05,44.562188925885216
2013-04-08,44.396437183334875
2013-04-09,44.58416958706168
2013-04-10,44.181168868315986
2013-04-11,43.96130273488808
2013-04-12,44.307940723077415
2013-04-15,43.98785779966431
2013-04-16,44.025645717115
2013-04-17,47.99038147498489
2013-04-18,52.892331617245304
2013-04-19,55.08269970561562
2013-04-22,44.12117832706124
2013-04-23,42.35661877538953
2013-04-24,42.70478338542266
2013-04-25,43.43650332953764
2013-04-26,43.5379316550283
2013-04-29,43.94360211449954
2013-04-30,43.70029505634503
2013-05-02,46.23897005574599
2013-05-03,46.564734396340384
2013-05-06,43.5043096556378
2013-05-07,43.71008662393343
2013-05-08,44.19324718878386
2013-05-09,44.28192269433888
2013-05-10,43.55347224718027
2013-05-13,42.76523230704872
2013-05-14,43.12349896281202
2013-05-15,43.84629789241661
2013-05-16,43.59541889805852
2013-05-17,43.6185408461666
2013-05-20,44.00505447914584
2013-05-21,44.06922471280643
2013-05-22,44.04731784711782
2013-05-23,43.70390683725692
2013-05-24,42.93112924808069
2013-05-27,42.76960515822086
2013-05-28,42.30772160040584
2013-05-29,41.73511147869969
2013-05-31,41.5579959166915
2013-06-03,41.784408679484024
2013-06-04,41.82252234114498
2013-06-05,40.82118949867951
2013-06-06,42.839826526608334
2013-06-07,41.40342449981219
2013-06-10,41.28243530091477
2013-06-11,40.2117066200861
2013-06-12,40.14873281921065
2013-06-13,41.01873668330042
2013-06-14,42.399552116187884
2013-06-17,42.21541625243235
2013-06-18,42.10063434275185
2013-06-19,41.36985929767282
2013-06-20,41.318671087208166
2013-06-21,41.37651864086889
2013-06-24,42.122679823965896
2013-06-25,41.761478932632095
2013-06-26,42.37490152453536
2013-06-27,42.11664515992439
2013-06-28,42.17452949113827
2013-07-01,44.17367265018093
2013-07-02,48.98180204049992
2013-07-03,42.694932811259655
2013-07-04,43.68615262335748
2013-07-05,42.569447157394265
2013-07-08,42.96120057921335
2013-07-10,42.57277676275049
2013-07-11,42.806434965581495
2013-07-12,42.86210727317959
2013-07-15,42.7099256711638
2013-07-16,43.167505838527475
2013-07-17,42.87776814103205
2013-07-18,42.451831497759585
2013-07-19,42.854656691521
2013-07-22,42.77423518391677
2013-07-23,42.834369484187036
2013-07-24,42.53791361076046
2013-07-25,41.8259122514305
2013-07-26,41.60650855983093
2013-07-29,41.79482754423067
2013-07-30,42.61024220178592
2013-07-31,42.623158677796226
2013-08-01,42.20503145935296
2013-08-02,41.86841394759781
2013-08-05,42.300715384083205
2013-08-06,43.1970923721859
2013-08-07,45.1473439313063
2013-08-08,46.05388604073745
2013-08-09,47.16355400880902
2013-08-12,43.79984555188595
2013-08-13,44.96330240841848
2013-08-14,45.53281707254818
2013-08-15,46.03323125555397
2013-08-16,45.70626742382807
2013-08-19,44.57785468286412
2013-08-20,44.97712977422491
2013-08-21,44.45348256522361
2013-08-22,42.815313138856794
2013-08-23,41.24738654701801
2013-08-26,41.07005587866296
2013-08-27,40.95283167552095
2013-08-28,40.72284518843155
2013-08-29,41.60701832622887
2013-08-30,41.15161951561749
2013-09-02,40.69747043652365
2013-09-03,40.91381692873743
2013-09-04,40.58556268845294
2013-09-05,40.38690162877797
2013-09-06,38.822323725760036
2013-09-09,38.635329283906806
2013-09-10,37.45278107661812
2013-09-11,37.10163729654128
2013-09-12,36.33181556515772
2013-09-13,36.785367709448785
2013-09-16,36.315074810653094
2013-09-17,35.98043983217578
2013-09-18,35.84250944379457
2013-09-19,35.560804796171546
2013-09-20,35.33185132329709
2013-09-23,34.74983018180209
2013-09-24,34.06544594975864
2013-09-25,34.03033974046948
2013-09-26,33.73375607050776
2013-09-27,33.26609934117391
2013-09-30,33.40784322363553
2013-10-01,33.16298818626152
2013-10-02,33.46006642650395
2013-10-03,33.76783361822257
2013-10-04,35.645941562180845
2013-10-07,33.45404576188843
2013-10-08,33.59840012749366
2013-10-09,33.483492873203325
2013-10-10,33.405448324197955
2013-10-11,33.283052939968016
2013-10-14,33.26329510580376
2013-10-15,33.68137541960945
2013-10-16,33.6559203334636
2013-10-17,34.13642796684695
2013-10-18,41.238117439330416
2013-10-21,44.816354413308126
2013-10-22,47.96244562470718
2013-10-23,33.959117570984745
2013-10-24,31.07099243365065
2013-10-25,30.356090445714795
2013-10-28,29.848289441168586
2013-10-29,29.688397142713132
2013-10-30,29.741876822194328
2013-10-31,29.483493087510116
2013-11-01,29.96784345504305
2013-11-04,30.606100297387908
2013-11-05,30.91837697689809
2013-11-06,32.91298042740674
2013-11-07,32.40708537743338
2013-11-08,32.02367858451091
2013-11-11,33.09863616730188
2013-11-12,33.15342615709431
2013-11-13,31.56222448016912
2013-11-14,32.41626868453292
2013-11-18,31.581493703642074
2013-11-19,32.33213411639081
2013-11-21,32.398212105196066
2013-11-22,31.57106455125643
2013-11-25,31.40820550022257
2013-11-26,31.217521557734855
2013-11-27,31.082019928611807
2013-11-28,31.350387610096586
2013-11-29,31.642776010128674
2013-12-02,31.498731272052016
2013-12-03,31.59123053251184
2013-12-04,33.28810085733072
2013-12-05,36.05287539611496
2013-12-06,35.334234291248755
2013-12-09,36.18530718643979
2013-12-10,36.398826396009504
2013-12-11,35.270203917898534
2013-12-12,35.886329006204605
2013-12-13,36.24843448834912
2013-12-16,36.47073782642023
2013-12-17,37.07744501531353
2013-12-18,37.81309843046257
2013-12-19,39.29128296055406
2013-12-20,40.26619574778253
2013-12-23,39.428337063885515
2013-12-26,42.13667408642622
2013-12-27,43.80602403332402
2013-12-30,40.7317669851391
2014-01-02,34.73107882448139
2014-01-03,34.42060846914903
2014-01-06,36.363478080591555
2014-01-07,36.831967001811286
2014-01-08,32.21184102353431
2014-01-09,31.368757120224718
2014-01-10,31.089401989091325
2014-01-13,30.95986892397864
2014-01-14,30.337240440249218
2014-01-15,29.72866497525596
2014-01-16,29.840023345941532
2014-01-17,30.374979979668854
2014-01-20,29.60372317665164
2014-01-21,30.059887547186744
2014-01-22,31.0251745236665
2014-01-23,29.93897593233522
2014-01-24,30.10331881638198
2014-01-27,29.98640914116625
2014-01-28,29.942970600858565
2014-01-29,29.743698810801853
2014-01-30,29.587848692166776
2014-01-31,29.553306350744037
2014-02-03,29.268124721204597
2014-02-04,29.667996358835747
2014-02-05,30.309904513620342
2014-02-06,32.02244612540664
2014-02-07,30.351468318978867
2014-02-10,30.01846895661103
2014-02-11,30.350041751122586
2014-02-12,30.25333554345194
2014-02-13,30.258612923705922
2014-02-14,30.161878626300922
2014-02-17,30.2292429291219
2014-02-18,31.005732497948696
2014-02-19,34.04635131125429
2014-02-20,35.78077955626393
2014-02-21,41.13304890406077
2014-02-24,29.37045836415062
2014-02-25,28.71000606875114
2014-02-26,28.474576421445175
2014-02-27,30.18054413686126
2014-02-28,28.452453116842477
2014-03-05,28.322465724939637
2014-03-06,28.179138790214203
2014-03-07,28.731673566677284
2014-03-10,31.329709352532408
2014-03-11,29.444720565213245
2014-03-12,30.106048897618688
2014-03-13,30.377147955237035
2014-03-14,30.755947445614204
2014-03-17,30.802908495914252
2014-03-18,31.241318350120405
2014-03-19,31.568203348153318
2014-03-20,31.003724771467425
2014-03-21,30.978208434106048
2014-03-24,30.876367097762817
2014-03-25,30.39114517835416
2014-03-26,30.690281495114945
2014-03-27,31.026388239595516
2014-03-28,30.497878726023703
2014-03-31,31.24462053261819
2014-04-01,31.480696404772516
2014-04-02,32.65217368111142
2014-04-03,36.2015163520715
2014-04-04,38.34144496451659
2014-04-07,38.85618736458748
2014-04-08,31.68683961089488
2014-04-09,30.44938259852666
2014-04-10,30.40696376659043
2014-04-11,30.223317822378522
2014-04-14,29.377956140525832
2014-04-15,32.61296066775453
2014-04-16,38.45211868805285
2014-04-17,41.09184772619563
2014-04-22,29.234495754504312
2014-04-23,29.390212001684915
2014-04-24,30.426160379438354
2014-04-25,28.483037347265597
2014-04-28,28.461829517203824
2014-04-29,28.765514973587102
2014-04-30,28.803611572031944
2014-05-02,28.439861391146007
2014-05-05,28.366528243095427
2014-05-06,28.706245731972956
2014-05-07,27.158582452441596
2014-05-08,27.01558846161246
2014-05-09,26.402745081692533
2014-05-12,25.794467629037985
2014-05-13,25.668155808419783
2014-05-14,25.64865826793764
2014-05-15,25.98524507600254
2014-05-16,26.241374415113793
2014-05-19,26.38805696419635
2014-05-20,26.518174042122546
2014-05-21,27.064281359088866
2014-05-22,28.35456844300756
2014-05-23,26.904935643096483
2014-05-26,26.99263385862926
2014-05-27,25.919566389491063
2014-05-28,25.789927766548498
2014-05-29,26.12834315606211
2014-05-30,26.60869276248003
2014-06-02,26.52541330629331
2014-06-03,26.859780258265136
2014-06-04,26.35175563536203
2014-06-05,30.062417684869224
2014-06-06,26.46917727792443
2014-06-09,26.64712335437438
2014-06-10,27.437822494558848
2014-06-11,27.672413414772496
2014-06-13,27.5904617693549
2014-06-16,27.895467706270754
2014-06-17,28.098107928709965
2014-06-18,27.460776503011356
2014-06-20,26.771628496389436
2014-06-23,26.602830336177334
2014-06-24,26.637830552795084
2014-06-25,27.253399976989083
2014-06-26,27.297274818920535
2014-06-27,27.511512287998777
2014-06-30,26.750261353569986
2014-07-01,27.499351521121206
2014-07-02,29.271902270516474
2014-07-03,34.157227149024266
2014-07-04,32.04125071375319
2014-07-07,27.25081396393399
2014-07-08,27.056331799260093
2014-07-10,26.982930352130055
2014-07-11,26.938451854049877
2014-07-14,27.164053100545406
2014-07-15,26.82240273947536
2014-07-16,26.658695941044968
2014-07-17,25.994540067781738
2014-07-18,26.107667517711707
2014-07-21,26.15472410232724
2014-07-22,25.532552736439303
2014-07-23,24.844549445621595
2014-07-24,24.158577193840248
2014-07-25,23.93466147478547
2014-07-28,23.61828279680206
2014-07-29,23.311427661287283
2014-07-30,23.95585233799859
2014-07-31,24.815926177993326
2014-08-01,23.868296944835876
2014-08-04,24.11619378017762
2014-08-05,26.655773946476504
2014-08-06,29.69969858694155
2014-08-07,25.35132681612822
2014-08-08,25.094638385215518
2014-08-11,24.9373296258584
2014-08-12,25.448357490686153
2014-08-13,26.141286130916157
2014-08-14,28.848895543424373
2014-08-15,29.58939446706925
2014-08-18,39.032253504066084
2014-08-19,29.587922040285214
2014-08-20,32.223506667655755
2014-08-21,33.17336031902078
2014-08-22,26.04978806810635
2014-08-25,25.72772588208245
2014-08-26,24.705462454791032
2014-08-27,24.72126562250185
2014-08-28,24.624211247917177
2014-08-29,25.061361998766074
2014-09-01,24.691040465574936
2014-09-02,24.432566951489843
2014-09-03,28.466359671805474
2014-09-04,29.55583609450595
2014-09-05,24.741545618675
2014-09-08,24.794547706072922
2014-09-09,24.118788325904756
2014-09-10,24.10275621206759
2014-09-11,24.133079163632203
2014-09-12,23.917795502899722
2014-09-15,24.150576866797522
2014-09-16,24.441840916385253
2014-09-17,23.99111600506622
2014-09-18,23.323065871100837
2014-09-19,23.29417734340486
2014-09-22,23.70790240119606
2014-09-23,23.8098709457346
2014-09-24,24.75228532756961
2014-09-25,24.82733619101827
2014-09-26,24.09899520952261
2014-09-29,23.900923530943345
2014-09-30,24.51838677897213
2014-10-01,24.750509902705186
2014-10-02,24.7915729841843
2014-10-03,24.831754007098375
2014-10-06,29.669860917867197
2014-10-07,24.973118578599067
2014-10-08,25.121625007042844
2014-10-09,24.620646992898806
2014-10-10,24.31886078451468
2014-10-13,24.451500335789532
2014-10-14,24.708727709261456
2014-10-15,24.490866525979058
2014-10-16,24.84031803848786
2014-10-17,29.87557780807594
2014-10-20,33.78520305124214
2014-10-21,41.60533136330357
2014-10-22,24.97800749116002
2014-10-23,24.44768894297681
2014-10-24,24.469746392710206
2014-10-27,25.503675904720776
2014-10-28,26.332898290475285
2014-10-29,26.716995352602655
2014-10-30,26.50213994864704
2014-10-31,26.328376417039298
2014-11-03,26.560616908445326
2014-11-04,26.705516014688644
2014-11-05,31.31942554858461
2014-11-06,31.078214157469738
2014-11-07,26.91450470618683
2014-11-10,27.143954519343488
2014-11-11,27.148157026082774
2014-11-12,26.745512130606258
2014-11-13,26.595379592520253
2014-11-14,26.99968808693027
2014-11-17,27.06810639323318
2014-11-18,27.255203380436853
2014-11-19,27.326458412270878
2014-11-21,28.022686002754398
2014-11-24,27.251246664942002
2014-11-25,26.777847532308567
2014-11-26,26.245710772759676
2014-11-27,25.566858737768413
2014-11-28,25.235174251409894
2014-12-01,24.882345406285385
2014-12-02,25.331104269881674
2014-12-03,25.731657442552944
2014-12-04,30.505122239434524
2014-12-05,25.62047666433705
2014-12-08,25.941534507837222
2014-12-09,25.847279512459817
2014-12-10,25.803339342600996
2014-12-11,25.916118470799343
2014-12-12,26.0429393381746
2014-12-15,26.45641500020214
2014-12-16,27.056478285736485
2014-12-17,27.559731737261163
2014-12-18,27.884399476053403
2014-12-19,28.69451224642657
2014-12-22,29.806689910530682
2014-12-23,29.750909580184416
2014-12-26,28.10605759263016
2014-12-29,31.08738705150639
2014-12-30,27.251322782880322
2015-01-02,27.338016122306232
2015-01-05,27.578681335285538
2015-01-06,28.321798767056354
2015-01-07,28.780740383845533
2015-01-08,29.863927513413465
2015-01-09,30.16912340109356
2015-01-12,29.617824763760144
2015-01-13,29.228790481120377
2015-01-14,29.418528209574855
2015-01-15,29.350417204424033
2015-01-16,29.476292554111293
2015-01-19,29.684827378243842
2015-01-20,29.765265918361795
2015-01-21,29.833388131198742
2015-01-22,29.833983444624796
2015-01-23,30.27329689747317
2015-01-26,30.45509481131607
2015-01-27,29.88053043594398
2015-01-28,30.02689781627094
2015-01-29,29.988715893005505
2015-01-30,29.782804240685124
2015-02-02,30.03642881943254
2015-02-03,30.081675323493652
2015-02-04,30.103470879344123
2015-02-05,30.052217673264664
2015-02-06,30.106372390593815
2015-02-09,29.814635363582195
2015-02-10,30.27320294448112
2015-02-11,30.56132338714218
2015-02-12,30.15528030645046
2015-02-13,30.391306099540028
2015-02-18,30.5338205311691
2015-02-19,30.32844356612702
2015-02-20,30.0475574937908
2015-02-23,29.22526918117724
2015-02-24,29.077472836322137
2015-02-25,29.494400389528696
2015-02-26,29.748419401881936
2015-02-27,29.699990595933798
2015-03-02,29.696586958405845
2015-03-03,29.509603960287457
2015-03-04,29.256190356139943
2015-03-05,29.574528801245933
2015-03-06,29.80218874339467
2015-03-09,29.992322687788914
2015-03-10,30.120152323552706
2015-03-11,31.102026610183657
2015-03-12,31.27083733341757
2015-03-13,31.919070860046663
2015-03-16,32.83406515737985
2015-03-17,33.09670482130413
2015-03-18,33.57246046553493
2015-03-19,33.34860681873948
2015-03-20,33.14515476843091
2015-03-23,33.36552481310455
2015-03-24,33.58888940283464
2015-03-25,35.34567041958542
2015-03-26,33.75506850865271
2015-03-27,33.72953012014709
2015-03-30,33.80265923261491
2015-03-31,34.337633078171585
2015-04-01,34.49780571122068
2015-04-02,34.9759823127954
2015-04-06,35.0447367312329
2015-04-07,34.69752592986595
2015-04-08,34.283571653090654
2015-04-09,33.90576554194323
2015-04-10,33.38179763837336
2015-04-13,32.94284032233426
2015-04-14,33.16610716108296
2015-04-15,33.20159771540458
2015-04-16,32.80555919265944
2015-04-17,32.61425838864256
2015-04-20,32.30039974758769
2015-04-22,32.23684917568974
2015-04-23,32.31376214761851
2015-04-24,31.696314018757732
2015-04-27,31.759673767832687
2015-04-28,31.233340310487566
2015-04-29,30.861673180341022
2015-04-30,30.27379691183687
2015-05-04,30.2119688951475
2015-05-05,29.90797868122452
2015-05-06,29.54058438632807
2015-05-07,29.138669704784828
2015-05-08,28.70410799804761
2015-05-11,28.241306238816588
2015-05-12,28.21741750826226
2015-05-13,27.901581383411735
2015-05-14,28.209457703599927
2015-05-15,28.099646387015
2015-05-18,28.136342615623512
2015-05-19,28.572686586945146
2015-05-20,28.452356212920446
2015-05-21,27.96996580475499
2015-05-22,27.545077904575376
2015-05-25,27.410154086638386
2015-05-26,27.81002580581968
2015-05-27,27.77522752433094
2015-05-28,28.12160283782758
2015-05-29,28.17658604991321
2015-06-01,28.473787193809137
2015-06-02,28.685654171909082
2015-06-03,28.891400371095845
2015-06-05,29.534183438783067
2015-06-08,30.13579607374652
2015-06-09,30.109335037949602
2015-06-10,30.218488290050608
2015-06-11,29.741017940922983
2015-06-12,30.393966500701012
2015-06-15,30.416826742942217
2015-06-16,30.493237459860886
2015-06-17,30.832099372246585
2015-06-18,30.431808356249302
2015-06-19,30.299651287631928
2015-06-22,30.278560264866016
2015-06-23,30.358831099623387
2015-06-24,30.420857570108677
2015-06-25,30.63792207706032
2015-06-26,30.462029760474344
2015-06-29,30.514205558213682
2015-06-30,30.081034649664314
2015-07-01,29.858379985821013
2015-07-02,30.052013923081528
2015-07-03,30.080226452846006
2015-07-06,30.25830653566951
2015-07-07,30.10924106664439
2015-07-08,30.153717458706765
2015-07-10,30.4210909584761
2015-07-13,30.638785547468572
2015-07-14,29.826454526552695
2015-07-15,29.5448222099318
2015-07-16,30.086644678275782
2015-07-17,29.783227220126896
2015-07-20,30.06205097588597
2015-07-21,30.198530924759112
2015-07-22,30.444316850395072
2015-07-23,29.46897862603506
2015-07-24,30.005972225673823
2015-07-27,30.075633431335575
2015-07-28,29.69240265388328
2015-07-29,29.662013739834123
2015-07-30,29.580665608871318
2015-07-31,29.45581730040393
2015-08-03,30.0479376032017
2015-08-04,30.08482153923744
2015-08-05,29.743671616022056
2015-08-06,29.54569770391112
2015-08-07,29.971711264237367
2015-08-10,29.892668992452244
2015-08-11,29.51039609275836
2015-08-12,29.878906590664357
2015-08-13,30.156661194371914
2015-08-14,29.890317228330133
2015-08-17,30.021907142760135
2015-08-18,31.044316597243455
2015-08-19,31.358917343763405
2015-08-20,30.965904409065544
2015-08-21,31.701233049957082
2015-08-24,31.930205699021993
2015-08-25,32.27031070632899
2015-08-26,32.61190833580755
2015-08-27,33.19963956420581
2015-08-28,33.57716297210058
2015-08-31,33.30682433284831
2015-09-01,33.49428629972649
2015-09-02,33.98237988217226
2015-09-03,33.666863903765794
2015-09-04,33.90634081054436
2015-09-08,34.003467730966754
2015-09-09,34.265009522719474
2015-09-10,34.28217613900449
2015-09-11,34.41685593971448
2015-09-14,34.76973415425776
2015-09-15,34.8922300857285
2015-09-16,35.05423368995748
2015-09-17,34.89201165180612
2015-09-18,34.65431612194111
2015-09-21,35.512024620625105
2015-09-22,35.67414081258582
2015-09-23,35.66091626565684
2015-09-24,33.79241900700233
2015-09-25,34.02088082273843
2015-09-28,35.90679908208168
2015-09-29,35.88760136777473
2015-09-30,36.09680307823739
2015-10-01,36.12318697794318
2015-10-02,36.28952084801318
2015-10-05,36.422115883280924
2015-10-06,36.152789155267826
2015-10-07,36.14525683438332
2015-10-08,35.589588909195605
2015-10-09,35.789427561293024
2015-10-13,36.336084086440295
2015-10-14,36.46118973664849
2015-10-15,37.754076133228
2015-10-16,37.47644618398586
2015-10-19,36.06679189026442
2015-10-20,36.36236536522832
2015-10-21,35.97327664980846
2015-10-22,34.94216686608373
2015-10-23,35.09575929693212
2015-10-26,34.53883589437885
2015-10-27,34.33342797004104
2015-10-28,33.57038084457413
2015-10-29,33.812946847630165
2015-10-30,33.962779484238396
2015-11-03,33.492181560771265
2015-11-04,33.38311190013123
2015-11-05,33.56229416085669
2015-11-06,32.89247307689788
2015-11-09,32.835822723430795
2015-11-10,32.79890272623017
2015-11-11,32.77926726355517
2015-11-12,32.54224172193139
2015-11-13,32.2845203965385
2015-11-16,32.10664616158516
2015-11-17,32.69631853645939
2015-11-18,32.79493020352073
2015-11-19,32.823598338210246
2015-11-23,32.810826723298526
2015-11-24,32.499000330867936
2015-11-25,32.20362811863692
2015-11-26,31.862289723096946
2015-11-27,32.521866619359756
2015-11-30,32.14645208830685
2015-12-01,32.17202880224648
2015-12-02,32.5998320998614
2015-12-03,31.780040606506
2015-12-04,32.25365924337051
2015-12-07,32.04428685010008
2015-12-08,31.8727386066262
2015-12-09,31.17785675847632
2015-12-10,30.681750027285204
2015-12-11,30.964554455433014
2015-12-14,30.935675654008868
2015-12-15,30.973963224070914
2015-12-16,31.28712551666911
2015-12-17,31.074918346355886
2015-12-18,30.558024768001182
2015-12-21,30.49206643586095
2015-12-22,30.969955052641765
2015-12-23,30.893135233307905
2015-12-28,30.240720619658564
2015-12-29,29.854655287960686
2015-12-30,29.296123661445748
2016-01-04,29.17056109830344
2016-01-05,29.67731486919348
2016-01-06,29.31709084060371
2016-01-07,29.870251684343494
2016-01-08,30.381548743184627
2016-01-11,31.144628984093135
2016-01-12,31.663586019296847
2016-01-13,32.28425517122676
2016-01-14,32.344581985786654
2016-01-15,33.019826977433745
2016-01-18,33.76271870724526
2016-01-19,34.254597847251745
2016-01-20,34.2276017621775
2016-01-21,33.869832527102396
2016-01-22,34.09155120589541
2016-01-26,35.18628683728035
2016-01-27,35.14539009776409
2016-01-28,35.18345005705241
2016-01-29,35.28295129486216
2016-02-01,35.31272466023421
2016-02-02,35.5961421346966
2016-02-03,36.23095541156679
2016-02-04,36.57750221247294
2016-02-05,36.759700778741816
2016-02-10,36.42502743019211
2016-02-11,35.63669466502305
2016-02-12,35.40718966975552
2016-02-15,35.496008138394465
2016-02-16,35.626210756508044
2016-02-17,35.92387847548449
2016-02-18,35.16398125210364
2016-02-19,34.15397327614005
2016-02-22,34.12533638025422
2016-02-23,34.6893729915243
2016-02-24,34.943934655888455
2016-02-25,33.985605898093965
2016-02-26,33.830844478410846
2016-02-29,33.6234379280066
2016-03-01,34.1032750985195
2016-03-02,34.674255403331166
2016-03-03,34.96748313470919
2016-03-04,36.429033797135155
2016-03-07,37.918789994955205
2016-03-08,37.74135270941048
2016-03-09,37.02072490393154
2016-03-10,36.31513636446068
2016-03-11,36.19099722448587
2016-03-14,35.85674717236211
2016-03-15,35.71082972004868
2016-03-16,35.17711158125752
2016-03-17,35.03910294079272
2016-03-18,35.73732180896767
2016-03-21,36.6664200649682
2016-03-22,37.56453298753835
2016-03-23,37.3792478086078
2016-03-24,34.17350434542339
2016-03-28,33.2085402017917
2016-03-29,33.94122982380031
2016-03-30,33.91354041048038
2016-03-31,33.99434653591853
2016-04-01,34.281490229222634
2016-04-04,34.87938629112601
2016-04-05,34.76294833118471
2016-04-06,34.94377646930456
2016-04-07,34.542583714316116
2016-04-08,34.111874243029376
2016-04-11,34.5560607680066
2016-04-12,34.71436355356336
2016-04-13,35.795312763310555
2016-04-14,36.152969136398184
2016-04-15,35.760727947454384
2016-04-18,34.848187159492696
2016-04-19,34.276712752696604
2016-04-20,34.72667750822321
2016-04-22,32.650894798119005
2016-04-25,32.93658512924694
2016-04-26,32.767872961804336
2016-04-27,32.35005281717451
2016-04-28,32.18097296086392
2016-04-29,32.283616394914766
2016-05-02,32.58386164013894
2016-05-03,32.20605108767115
2016-05-04,31.79481721115906
2016-05-05,31.40985844416457
2016-05-06,31.05569408822244
2016-05-09,30.927779081847262
2016-05-10,31.408744070452855
2016-05-11,31.90096183732069
2016-05-12,31.639790356676333
2016-05-13,31.984212900500513
2016-05-16,32.25117932142907
2016-05-17,32.59953110735347
2016-05-18,32.952297917209286
2016-05-19,30.820428076183262
2016-05-20,29.753674744746256
2016-05-23,29.67999229454444
2016-05-24,29.31555593457236
2016-05-25,29.234226977576533
2016-05-27,28.73331175401004
2016-05-30,28.485389976287355
2016-05-31,28.296254170005092
2016-06-01,28.455416864663153
2016-06-02,29.028602971449057
2016-06-03,28.785073233861393
2016-06-06,29.160407972247256
2016-06-07,29.655546680521375
2016-06-08,29.90152836550403
2016-06-09,29.78503086059622
2016-06-10,30.17889091111023
2016-06-13,30.46328897405444
2016-06-14,30.482941192952545
2016-06-15,30.93104090147822
2016-06-16,32.03552170005144
2016-06-17,33.00312128510364
2016-06-20,33.59711465134333
2016-06-21,34.80494742786021
2016-06-22,35.08374098229113
2016-06-23,34.28278464007043
2016-06-24,34.29291193677259
2016-06-27,34.39377807702025
2016-06-28,34.73942245648717
2016-06-29,35.23702796435044
2016-06-30,35.62669074541039
2016-07-01,36.57414027303415
2016-07-04,37.53121902541217
2016-07-05,37.61555912099069
2016-07-06,37.11298032346745
2016-07-07,37.395182619192546
2016-07-08,37.32842220193457
2016-07-11,37.244833383584556
2016-07-12,37.35102043246645
2016-07-13,37.785544738112655
2016-07-14,37.681139189150386
2016-07-15,37.86334428183472
2016-07-18,38.78071556881425
2016-07-19,38.971119978471265
2016-07-20,39.46066728439116
2016-07-21,38.235248429673774
2016-07-22,38.33733348777936
2016-07-25,37.88110592299505
2016-07-26,37.6960471823968
2016-07-27,37.49824865836341
2016-07-28,37.614283855664695
2016-07-29,37.25756022297716
2016-08-01,37.93382811541155
2016-08-02,37.907109629923056
2016-08-03,37.78446275731178
2016-08-04,37.98986047457744
2016-08-05,38.63808616144951
2016-08-08,38.751062211956004
2016-08-09,38.73462484155951
2016-08-10,38.457348994576755
2016-08-11,38.27659467914744
2016-08-12,37.79694377457813
2016-08-15,37.60888125696401
2016-08-16,38.19503256797341
2016-08-17,38.12104693888644
2016-08-18,36.996629946995895
2016-08-19,35.70382154120776
2016-08-22,35.55527850464104
2016-08-23,35.41847004725022
2016-08-24,35.39603353910869
2016-08-25,34.51242450969867
2016-08-26,33.992316923104674
2016-08-29,33.217071791385166
2016-08-30,32.32094629304918
2016-08-31,32.363602165180396
2016-09-01,32.47886867058331
2016-09-02,31.594661727747592
2016-09-05,31.550185943152428
2016-09-06,31.22827147246365
2016-09-08,31.007625408693364
2016-09-09,30.90373633315903
2016-09-12,31.398841796126995
2016-09-13,31.43641247024443
2016-09-14,31.636824316122294
2016-09-15,31.714869696870558
2016-09-16,31.55248178288621
2016-09-19,32.061265458087405
2016-09-20,32.458275992654755
2016-09-21,32.364827384151624
2016-09-22,30.934168193819687
2016-09-23,31.36568351239956
2016-09-26,31.58630038423538
2016-09-27,31.700492065994965
2016-09-28,31.46149679039722
2016-09-29,30.63787788486416
2016-09-30,30.417593516996522
2016-10-03,30.41463944572263
2016-10-04,30.317029094926557
2016-10-05,29.870405319464467
2016-10-06,30.04486673237637
2016-10-07,30.616311083125716
2016-10-10,30.97674091660089
2016-10-11,31.4431666641129
2016-10-13,31.54136388838426
2016-10-14,32.00834296280326
2016-10-17,32.45560158873423
2016-10-18,32.384863149395386
2016-10-19,33.172632400545126
2016-10-20,31.384853906369315
2016-10-21,30.241940481323063
2016-10-24,30.669887925578838
2016-10-25,30.865162638733523
2016-10-26,30.982794112472885
2016-10-27,31.204968022648124
2016-10-28,31.37986270418265
2016-10-31,31.534632870624
2016-11-01,31.65024998205891
2016-11-03,31.834905964562807
2016-11-04,32.06625721482924
2016-11-07,32.05190940703384
2016-11-08,32.29709634173693
2016-11-09,32.43273762037858
2016-11-10,32.616706980163805
2016-11-11,33.90937964974295
2016-11-14,34.326434488416034
2016-11-16,34.49697915406099
2016-11-17,33.00727695729684
2016-11-18,32.2902140712792
2016-11-21,32.04211091477493
2016-11-22,32.01138399659795
2016-11-23,31.405903919054573
2016-11-24,29.021598418652257
2016-11-25,28.757054932342488
2016-11-28,28.62363221634903
2016-11-29,30.178906867606653
2016-11-30,29.787138230807034
2016-12-01,29.58543959230239
2016-12-02,29.63495895242351
2016-12-05,29.36934954041024
2016-12-06,29.20409541812057
2016-12-07,29.3469542276226
2016-12-08,29.860656927632235
2016-12-09,30.002574951212633
2016-12-12,30.60391915678843
2016-12-13,30.170288934298714
2016-12-14,30.499474105457722
2016-12-15,30.255314388672048
2016-12-16,30.351242776818392
2016-12-19,30.23554330466795
2016-12-20,30.446947260388633
2016-12-21,30.926965543282854
2016-12-22,29.952548112258743
2016-12-23,30.310206166369852
2016-12-26,30.270614075986845
2016-12-27,30.049459206979645
2016-12-28,30.104500990103368
2016-12-29,30.33245954243844
2017-01-02,30.421163118044817
2017-01-03,30.334722275209614
2017-01-04,30.716763392103843
2017-01-05,31.32195143358644
2017-01-06,31.397541067114243
2017-01-09,31.239124883695485
2017-01-10,31.011288088774638
2017-01-11,31.303760023987802
2017-01-12,31.427010848755348
2017-01-13,32.044229656122866
2017-01-16,32.466808901561514
2017-01-17,32.642081589533625
2017-01-18,32.70874063152233
2017-01-19,31.65761083758035
2017-01-20,30.98596148193075
2017-01-23,31.01463017610152
2017-01-24,31.024005662142056
2017-01-26,30.833745407102043
2017-01-27,30.86750618741652
2017-01-30,30.774030377893993
2017-01-31,30.428334795216298
2017-02-01,30.32630852536314
2017-02-02,30.561961892217205
2017-02-03,30.59325040755875
2017-02-06,30.97755783256742
2017-02-07,30.859377064297714
2017-02-08,30.411135055862307
2017-02-09,29.874526484448488
2017-02-10,29.847627369579392
2017-02-13,30.0424444560152
2017-02-14,29.874191162436937
2017-02-15,29.111612010903684
2017-02-16,29.496502518558838
2017-02-17,29.535257943013903
2017-02-20,28.881629082183743
2017-02-21,29.3111660781014
2017-02-22,29.197741505586478
2017-02-23,27.365478163184772
2017-02-24,26.3658537950253
2017-03-01,26.009030882527394
2017-03-02,25.675609132818227
2017-03-03,25.600839589615582
2017-03-06,26.23155396957469
2017-03-07,26.391568914838754
2017-03-08,27.205606758031493
2017-03-09,26.732362100005552
2017-03-10,26.615933390672303
2017-03-13,26.55663901894829
2017-03-14,26.344130329910882
2017-03-15,25.80439719477554
2017-03-16,25.803483604982333
2017-03-17,26.238642086966134
2017-03-20,26.783352676582066
2017-03-21,26.797874874907308
2017-03-22,25.085563799497496
2017-03-23,24.82748136629734
2017-03-24,24.477360959881743
2017-03-27,23.428791110362184
2017-03-28,23.366049106106907
2017-03-29,23.582219582909374
2017-03-30,23.80809644641163
2017-03-31,23.72263020272205
2017-04-03,24.194917692776787
2017-04-04,24.344172581632215
2017-04-05,24.42147737337671
2017-04-06,23.882223770702236
2017-04-07,24.214505656335685
2017-04-10,24.294309710326843
2017-04-11,24.158054180561646
2017-04-12,24.382651439325123
2017-04-13,24.506633135695125
2017-04-17,25.92031542388761
2017-04-18,27.206656981021712
2017-04-19,28.67323774069477
2017-04-20,24.984940767055033
2017-04-24,24.45349386476979
2017-04-25,24.19380968220441
2017-04-26,24.02701542740668
2017-04-27,23.981857960775994
2017-04-28,23.230449150154993
2017-05-02,23.195305648681483
2017-05-03,23.17958555703871
2017-05-04,23.26520579703943
2017-05-05,23.810248641279898
2017-05-08,24.195439434509456
2017-05-09,23.77116137243199
2017-05-10,23.908968625592458
2017-05-11,24.23605738796304
2017-05-12,23.59961493830854
2017-05-15,23.900468851427313
2017-05-16,24.12471115809164
2017-05-17,24.453828545719915
2017-05-18,23.947737499248998
2017-05-19,23.54771755542172
2017-05-22,24.28815948098549
2017-05-23,23.8568740542225
2017-05-24,23.82904442913076
2017-05-25,23.464656012470275
2017-05-26,23.56674343018201
2017-05-29,23.787152985112947
2017-05-30,23.7089984583827
2017-05-31,23.48959293314461
2017-06-01,23.34669776897435
2017-06-02,23.205232303631316
2017-06-05,22.88688917767392
2017-06-06,22.64352577711936
2017-06-07,22.631906087395848
2017-06-08,22.892266059254446
2017-06-09,23.11236083778953
2017-06-12,23.329662145826116
2017-06-13,23.296720884850014
2017-06-14,23.202968519841765
2017-06-16,23.28343174513668
2017-06-19,23.739927485858598
2017-06-20,24.197448930285535
2017-06-21,24.326744202261196
2017-06-22,25.18862813544831
2017-06-23,28.676375675982545
2017-06-26,28.820753471547746
2017-06-27,23.259505922487374
2017-06-28,22.97737430994966
2017-06-29,22.868536568392322
2017-06-30,22.91715295032331
2017-07-03,22.89654374793443
2017-07-04,22.78845626863462
2017-07-05,22.70516033393185
2017-07-06,22.692594715765182
2017-07-07,23.111217746697204
2017-07-10,23.480596015866592
2017-07-11,23.494380002108137
2017-07-12,23.53991535111299
2017-07-13,23.856198125684035
2017-07-14,24.011012763142226
2017-07-17,23.90708292920576
2017-07-18,23.642124458061087
2017-07-19,23.79737044533601
2017-07-20,23.27832105468768
2017-07-21,22.945138964787684
2017-07-24,22.807871176484813
2017-07-25,22.777736806825
2017-07-26,22.95518868401507
2017-07-27,23.104832288064124
2017-07-28,23.25756414216398
2017-07-31,23.288888702498614
2017-08-01,23.53302724261901
2017-08-02,23.713448444126552
2017-08-03,23.59161815172267
2017-08-04,23.56440644217514
2017-08-07,23.313285930448394
2017-08-08,23.33740726413746
2017-08-09,23.438021611637414
2017-08-10,23.479004508971258
2017-08-11,25.253336794572714
2017-08-14,24.833663953473014
2017-08-15,24.952185023282617
2017-08-16,24.72575692706056
2017-08-17,24.592769726003613
2017-08-18,24.657145640377795
2017-08-21,23.990468113268008
2017-08-22,24.767525941535578
2017-08-23,24.774148462282664
2017-08-24,24.442977647262325
2017-08-25,23.71478441516352
2017-08-28,24.008598629768024
2017-08-29,24.23697109046693
2017-08-30,24.618667811586054
2017-08-31,25.002286027987477
2017-09-01,25.75816559319346
2017-09-04,25.422445563656485
2017-09-05,25.52189845171306
2017-09-06,25.121359187883574
2017-09-08,24.846813597929117
2017-09-11,25.8546447490385
2017-09-12,26.118697240090142
2017-09-13,25.713800301242962
2017-09-14,25.56877927664305
2017-09-15,25.447692786887853
2017-09-18,25.883915295688986
2017-09-19,22.36924182827153
2017-09-20,26.162913802817457
2017-09-21,25.151192889923408
2017-09-22,24.922178637859627
2017-09-25,24.549358575485485
2017-09-26,24.524049976000217
2017-09-27,24.350423141713677
2017-09-28,24.099681016963146
2017-09-29,23.762219851991027
2017-10-02,23.23919228108506
2017-10-03,23.47355873728888
2017-10-04,23.741682131935722
2017-10-05,23.71111576184886
2017-10-06,23.83032134643446
2017-10-09,23.941214718168165
2017-10-10,24.21917972892679
2017-10-11,23.712626160513807
2017-10-13,23.239640606971015
2017-10-16,23.545630445468827
2017-10-17,23.52365070544454
2017-10-18,23.379419096178736
2017-10-19,23.347788999955075
2017-10-20,22.71620297674763
2017-10-23,22.928313771285662
2017-10-24,22.54822420466746
2017-10-25,22.84742388469939
2017-10-26,22.235559637840137
2017-10-27,22.503389597922023
2017-10-30,22.748818734501466
2017-10-31,23.169522794740068
2017-11-01,23.30453593172036
2017-11-03,23.720029449252475
2017-11-06,23.902263658281854
2017-11-07,23.969217562516743
2017-11-08,24.116625980025752
2017-11-09,24.554520974787955
2017-11-10,24.38994437904178
2017-11-13,24.249482654191876
2017-11-14,24.291277456468695
2017-11-16,23.939895295652587
2017-11-17,24.143301465894893
2017-11-21,24.032610184839744
2017-11-22,24.35362038308726
2017-11-23,24.340118436847973
2017-11-24,24.644742129071286
2017-11-27,23.66832174635108
2017-11-28,23.370451419462224
2017-11-29,24.172593587300856
2017-11-30,24.358838001020743
2017-12-01,24.27008600721267
2017-12-04,25.14801472878745
2017-12-05,24.296879390327245
2017-12-06,24.251291106804388
2017-12-07,24.325245368011192
2017-12-08,24.170249444068414
2017-12-11,23.864295601269205
2017-12-12,24.012648743252385
2017-12-13,23.81239098824415
2017-12-14,23.60029626548648
2017-12-15,24.360974879695767
2017-12-18,24.66414866533574
2017-12-19,24.87048169489092
2017-12-20,24.791956897079096
2017-12-21,23.970869747599767
2017-12-22,23.63421645327594
2017-12-26,23.094346665458012
2017-12-27,23.37594746522528
2017-12-28,22.59396060069987
2018-01-02,22.71084290440533
2018-01-03,23.124497828540655
2018-01-04,22.820105498137366
2018-01-05,23.183143373886974
2018-01-08,23.66404731175325
2018-01-09,23.959533269465492
2018-01-10,23.630941518146667
2018-01-11,23.190969008362885
2018-01-12,22.704405088265627
2018-01-15,22.562388871882135
2018-01-16,22.530606890485885
2018-01-17,22.54656042271725
2018-01-18,21.542713114975665
2018-01-19,21.10419623352717
2018-01-22,20.8359427356676
2018-01-23,20.89887776544963
2018-01-24,21.08175641679432
2018-01-26,21.25758410688551
2018-01-29,21.139341849489487
2018-01-30,21.223158524606685
2018-01-31,20.85364361576921
2018-02-01,20.736868759286683
2018-02-02,20.790163524169085
2018-02-05,20.77341445343027
2018-02-06,22.638685488153502
2018-02-07,22.436174278393946
2018-02-08,22.07043853067384
2018-02-09,22.048763942068522
2018-02-14,22.553363724437748
2018-02-15,23.921536220606338
2018-02-16,24.555817288488317
2018-02-19,24.553070580406462
2018-02-20,23.92407275554913
2018-02-21,25.62534171335697
2018-02-22,23.178491986913563
2018-02-23,22.529322430665303
2018-02-26,22.71788995700001
2018-02-27,22.334263510791555
2018-02-28,23.915182645045
2018-03-01,24.153267604627825
2018-03-02,22.313350361986224
2018-03-05,21.903854179855294
2018-03-06,21.2980919724579
2018-03-07,21.388474934502913
2018-03-08,21.089288842830854
2018-03-09,20.821122717102593
2018-03-12,21.18108758617358
2018-03-13,21.361931963498296
2018-03-14,21.060047061716354
2018-03-15,20.564526619303788
2018-03-16,20.651624579135735
2018-03-19,21.248217650072746
2018-03-20,21.5374581899326
2018-03-21,21.572022652834242
2018-03-22,21.17427656678159
2018-03-23,20.822908338203028
2018-03-26,20.84303503051332
2018-03-27,20.773945871566745
2018-03-28,20.675622077170253
2018-03-29,20.32518901411082
2018-04-02,20.308434750837844
2018-04-03,20.963402744457063
2018-04-04,20.97211655321822
2018-04-05,20.963694199040717
2018-04-06,21.249271177363166
2018-04-09,20.979511605693737
2018-04-10,21.145155662465182
2018-04-11,21.102819127417696
2018-04-12,21.076430679309
2018-04-13,21.350918411516005
2018-04-16,21.223227565125974
2018-04-17,21.693095214587093
2018-04-18,21.8343068864038
2018-04-19,21.696578638348665
2018-04-20,22.24739926169081
2018-04-23,22.12422074542461
2018-04-24,22.183674058081863
2018-04-25,22.13078603428283
2018-04-26,22.121687408887716
2018-04-27,22.04186097702073
2018-04-30,21.16962533063169
2018-05-02,21.219764295812194
2018-05-03,21.561648116554654
2018-05-04,21.7120608580933
2018-05-07,21.896180607144043
2018-05-08,21.366631991326713
2018-05-09,21.463414733523276
2018-05-10,21.54848370339261
2018-05-11,21.478352247720462
2018-05-14,21.764339081393697
2018-05-15,22.230669761412937
2018-05-16,22.339110579361982
2018-05-17,21.61693217740675
2018-05-18,21.646311140069724
2018-05-21,21.525108373478258
2018-05-22,21.575134688357437
2018-05-23,21.714580278849446
2018-05-24,21.692393970886627
2018-05-25,21.39240087754844
2018-05-28,21.514396064475616
2018-05-29,21.36522010469824
2018-05-30,21.493944867804625
2018-06-01,22.18543095742081
2018-06-04,22.56502760697298
2018-06-05,22.416039124322964
2018-06-06,22.332162814492484
2018-06-07,22.43044786059321
2018-06-08,23.16619925464422
2018-06-11,23.488113259986545
2018-06-12,23.70918793445215
2018-06-13,23.41479473722151
2018-06-14,23.314192910670645
2018-06-15,23.083629965971557
2018-06-18,23.492230722554602
2018-06-19,23.833291182717957
2018-06-20,23.83307084433668
2018-06-21,24.192675927370807
2018-06-22,24.002948542298956
2018-06-25,24.041615704409136
2018-06-26,23.859428338846772
2018-06-27,24.616633930335365
2018-06-28,24.31962351561619
2018-06-29,23.89907776056891
2018-07-02,23.853558075800283
2018-07-03,24.05335262912038
2018-07-04,23.74059938060858
2018-07-05,24.24456578135079
2018-07-06,23.65123465259656
2018-07-10,23.767178588006153
2018-07-11,24.187753155237022
2018-07-12,24.363089662684374
2018-07-13,24.215533489580263
2018-07-16,24.18208065917094
2018-07-17,24.69158916302127
2018-07-18,24.77396307819477
2018-07-19,24.660780956035254
2018-07-20,24.943134831951706
2018-07-23,24.88130330099867
2018-07-24,25.036191858765044
2018-07-25,25.12956465260074
2018-07-26,25.436093872089284
2018-07-27,25.378028659134603
2018-07-30,25.213385229268066
2018-07-31,26.167421938103214
2018-08-01,25.685948906662528
2018-08-02,25.735498901756333
2018-08-03,25.516291655555072
2018-08-06,25.508223520964957
2018-08-07,25.90037981021669
2018-08-08,27.45325381140821
2018-08-09,26.402905701615385
2018-08-10,26.67155875660537
2018-08-13,26.751081540980042
2018-08-14,26.60592062561057
2018-08-15,26.68208835495386
2018-08-16,26.22405617620041
2018-08-17,26.440458166649726
2018-08-20,26.244682840999538
2018-08-21,26.935342147850374
2018-08-22,26.63002163463563
2018-08-23,25.72333788447706
2018-08-24,24.734992190389235
2018-08-27,23.969368153854
2018-08-28,24.31713014433777
2018-08-29,24.297568257924215
2018-08-30,24.177168012218807
2018-08-31,24.15653410264231
2018-09-03,23.98005172491826
2018-09-04,23.954023992296847
2018-09-05,24.377802222128672
2018-09-06,24.231461897697223
2018-09-10,24.232598977247218
2018-09-11,24.133284471113242
2018-09-12,24.153698948102633
2018-09-13,24.3204981623095
2018-09-14,24.3762548633262
2018-09-17,24.15294115558812
2018-09-18,24.29573316451498
2018-09-19,24.279496303278638
2018-09-20,24.26129712084416
2018-09-21,24.082889879518724
2018-09-24,24.35243595549076
2018-09-25,25.28522654761221
2018-09-26,24.840137586874107
2018-09-27,24.456416659012987
2018-09-28,24.29123011097438
2018-10-01,24.393423608742438
2018-10-02,24.391888369381583
2018-10-03,24.422581425002264
2018-10-04,24.72291173679972
2018-10-05,24.716688863721686
2018-10-08,24.912148881722906
2018-10-09,25.442504467156283
2018-10-10,25.987026416516226
2018-10-11,25.956241902234627
2018-10-15,25.688535545224724
2018-10-16,25.690518560750867
2018-10-17,25.481233924728482
2018-10-18,25.37338784665887
2018-10-19,24.755784549309695
2018-10-22,24.961511656292664
2018-10-23,24.91091652931281
2018-10-24,24.82856082095339
2018-10-25,25.08717104342683
2018-10-26,25.406221609025113
2018-10-29,25.689366392216808
2018-10-30,25.867866413468068
2018-10-31,27.538601357514022
2018-11-01,25.55863654577758
2018-11-05,25.870240626561554
2018-11-06,25.329854333048846
2018-11-07,25.076406650164124
2018-11-08,24.740657727603633
2018-11-09,25.062313778274138
2018-11-12,25.289435207217466
2018-11-13,25.303272750499698
2018-11-14,24.93531070191517
2018-11-16,24.785315818149574
2018-11-19,24.816522797516182
2018-11-21,24.46582727796589
2018-11-22,24.292462024020544
2018-11-23,24.96963357253542
2018-11-26,24.780843831066246
2018-11-27,24.746441162034444
2018-11-28,24.92484363507203
2018-11-29,25.067738798432426
2018-11-30,25.794045977161765
2018-12-03,24.73502364720268
2018-12-04,24.907919079269657
2018-12-05,24.903711214458863
2018-12-06,24.669194009583453
2018-12-07,24.485299157311772
2018-12-10,24.783782112618145
2018-12-11,24.808209199719453
2018-12-12,24.930813471996828
2018-12-13,25.309121503003272
2018-12-14,25.173376455925595
2018-12-17,24.621389817645635
2018-12-18,25.03823174135769
2018-12-19,25.55757293131473
2018-12-20,26.436102045542512
2018-12-21,26.71099627497932
2018-12-26,27.549124263612367
2018-12-27,27.438870132975442
2018-12-28,28.175057013770974
2019-01-02,27.943213570667737
2019-01-03,27.626091408904205
2019-01-04,26.82965337244806
2019-01-07,27.694679763200842
2019-01-08,27.428470723737128
2019-01-09,26.237632419134766
2019-01-10,25.01212353586495
2019-01-11,25.297229567408294
2019-01-14,24.889463400998075
2019-01-15,24.835638902730484
2019-01-16,24.846436377677463
2019-01-17,24.916062019130145
2019-01-18,24.300462410533044
2019-01-21,25.284626657445596
2019-01-22,25.13149489544674
2019-01-23,25.11265298730996
2019-01-24,23.24097350813152
2019-01-28,22.436960759718904
2019-01-29,22.741730799642816
2019-01-30,22.629969146579086
2019-01-31,23.430246019440286
2019-02-01,22.65343233162608
2019-02-04,22.816560808430776
2019-02-05,24.310851805040603
2019-02-06,24.324959585563466
2019-02-07,23.970095907282005
2019-02-08,23.646098857759227
2019-02-11,23.899473840470012
2019-02-12,23.86766760033234
2019-02-13,23.759270397366134
2019-02-14,23.85708069520163
2019-02-15,24.344224081525066
2019-02-18,24.732987850774368
2019-02-19,25.124285161391
2019-02-20,25.415033665663397
2019-02-21,25.860874006959982
2019-02-22,25.805041968583584
2019-02-25,25.583117256156232
2019-02-26,25.546715359762157
2019-02-27,25.42368216064638
2019-02-28,27.28848109576193
2019-03-01,26.305093392271182
2019-03-06,26.09688464472881
2019-03-07,26.04551931115228
2019-03-08,26.228955924254926
2019-03-11,27.466917871282213
2019-03-12,26.616533573529875
2019-03-13,26.686917350071923
2019-03-14,27.05427201652356
2019-03-15,26.80066047055011
2019-03-18,27.15870587793441
2019-03-19,26.728333477345195
2019-03-20,26.91147235407035
2019-03-21,24.2788211401866
2019-03-22,23.9337549889137
2019-03-25,24.00471640915464
2019-03-26,23.85647809619611
2019-03-27,23.50707491706138
2019-03-28,24.59845740719075
2019-03-29,24.918625921326644
2019-04-01,24.140357225453815
2019-04-02,24.436341565692953
2019-04-03,24.628981379816558
2019-04-04,24.68096659185265
2019-04-05,24.521199420775936
2019-04-08,24.23849072877352
2019-04-09,24.260401292889657
2019-04-10,24.32587745300059
2019-04-11,24.25231643084576
2019-04-12,24.027246826613382
2019-04-15,23.772600307594733
2019-04-16,23.753386736571137
2019-04-17,23.94518074669604
2019-04-18,23.50753244225341
2019-04-22,23.830573837121477
2019-04-23,24.393463446457314
2019-04-24,25.022553442516607
2019-04-25,25.299593441555405
2019-04-26,25.71897350011935
2019-04-29,25.69982890174497
2019-04-30,25.4078613337709
2019-05-02,25.225713709345975
2019-05-03,25.56147991765656
2019-05-06,25.270740105283885
2019-05-07,25.82401430378157
2019-05-08,25.895010732724813
2019-05-09,26.473465646408012
2019-05-10,26.33201711571963
2019-05-13,26.051039241408844
2019-05-14,26.143293872381157
2019-05-15,26.219320087035694
2019-05-16,26.16376567269593
2019-05-17,25.900181263239823
2019-05-20,25.753216227232095
2019-05-21,26.117022776054384
2019-05-22,26.610959723610385
2019-05-23,26.195073819343655
2019-05-24,26.36031028254131
2019-05-27,26.386412323914957
2019-05-28,25.969988429137405
2019-05-29,26.44342298099987
2019-05-30,25.884519871071525
2019-05-31,25.550447003253346
2019-06-03,25.00777013651771
2019-06-04,25.632549853092353
2019-06-05,25.484332089763218
2019-06-06,25.295860267946505
2019-06-07,24.652281101095276
2019-06-10,24.87415732945992
2019-06-11,24.93857084318593
2019-06-12,25.203081205114046
2019-06-13,25.612759100793333
2019-06-14,24.600664706862997
2019-06-17,25.219706193783132
2019-06-18,24.967303591038192
2019-06-19,25.244061840573927
2019-06-21,24.918954382343344
2019-06-24,25.365491185491823
2019-06-25,25.523955111857408
2019-06-26,24.461646974124022
2019-06-27,24.801016986514433
2019-06-28,24.31966722946846
2019-07-01,24.17675693692671
2019-07-02,24.4645545672455
2019-07-03,24.03220302892521
2019-07-04,23.74110147483177
2019-07-05,23.86489003670869
2019-07-08,23.99772408053665
2019-07-10,24.399778757309917
2019-07-11,24.499247160471104
2019-07-12,25.20106408190961
2019-07-15,24.94289013556563
2019-07-16,25.05994748493284
2019-07-17,25.21284854476687
2019-07-18,25.179585553974384
2019-07-19,25.18185066061881
2019-07-22,25.25008062660521
2019-07-23,24.99162003519747
2019-07-24,25.44600474404872
2019-07-25,25.528518815488948
2019-07-26,26.49038652744203
2019-07-29,25.47874237360559
2019-07-30,25.086482476026184
2019-07-31,25.233355782537135
2019-08-01,25.82391660644094
2019-08-02,26.167397385961785
2019-08-05,25.99320132885604
2019-08-06,26.331042567505182
2019-08-07,26.615945938226353
2019-08-08,26.97688587334609
2019-08-09,26.493367193628274
2019-08-12,26.360354165906507
2019-08-13,26.266445105145884
2019-08-14,26.76386550984207
2019-08-15,26.931422369255664
2019-08-16,27.02309925928019
2019-08-19,27.349578593875265
2019-08-20,26.89304219571033
2019-08-21,25.922868966085552
2019-08-22,25.55949197203102
2019-08-23,25.511230349561654
2019-08-26,25.62859296147516
2019-08-27,25.812644409883937
2019-08-28,26.061706677473502
2019-08-29,25.949222156777445
2019-08-30,25.454942629736284
2019-09-02,25.62213658494092
2019-09-03,26.05405349668451
2019-09-04,25.512038491591298
2019-09-05,25.574404739524216
2019-09-06,25.499563798374385
2019-09-09,25.24819404044425
2019-09-10,25.52346310228488
2019-09-11,26.11592211403337
2019-09-12,26.10620213247686
2019-09-13,26.38775068031672
2019-09-16,26.20613957035169
2019-09-17,26.43261882019574
2019-09-18,24.94264269550415
2019-09-19,26.091156719265836
2019-09-20,26.40446911009493
2019-09-23,26.60946166305649
2019-09-24,26.897829630886303
2019-09-25,26.74489254714621
2019-09-26,26.19631665088923
2019-09-27,26.92284676140985
2019-09-30,26.84716092358722
2019-10-01,27.13655527524663
2019-10-02,26.76866731804625
2019-10-03,26.96279851222489
2019-10-04,27.119794260660115
2019-10-07,27.01171214820444
2019-10-08,27.142778287506204
2019-10-09,27.208831515229928
2019-10-10,27.21584266248096
2019-10-11,27.127279955466296
2019-10-14,27.20702017549196
2019-10-15,27.110912286603064
2019-10-16,27.438142902657287
2019-10-17,27.822026140767026
2019-10-18,28.382257513313427
2019-10-21,27.130877533931052
2019-10-22,27.48132226669932
2019-10-23,27.255719722515778
2019-10-24,27.33298410157748
2019-10-25,26.868972120661706
2019-10-28,27.10863651873722
2019-10-29,27.227461557649693
2019-10-30,26.847438983191978
2019-10-31,26.87739872451182
2019-11-01,26.80466718647042
2019-11-04,26.88240157377081
2019-11-05,27.074010440580004
2019-11-06,27.595217796260492
2019-11-07,27.703808945133428
2019-11-08,27.864891725619028
2019-11-11,28.668027673099974
2019-11-12,28.925030238798623
2019-11-13,28.397288011511925
2019-11-14,28.327104198165177
2019-11-18,28.307167207272396
2019-11-19,29.350016684884377
2019-11-21,29.026901665157148
2019-11-22,28.63299311674415
2019-11-25,28.14637740204759
2019-11-26,28.268329118742756
2019-11-27,27.715078633272
2019-11-28,27.821732119191115
2019-11-29,27.77240728174131
2019-12-02,26.68875904740951
2019-12-03,26.686501200647818
2019-12-04,26.360841980500403
2019-12-05,26.422065491328393
2019-12-06,27.189124206753775
2019-12-09,27.73833530815701
2019-12-10,29.552406756930875
2019-12-11,28.916832306804228
2019-12-12,29.094523762897076
2019-12-13,28.708485153345414
2019-12-16,29.05069076308582
2019-12-17,29.36602166118512
2019-12-18,29.277089047946987
2019-12-19,28.784564733074205
2019-12-20,28.4445907230186
2019-12-23,28.46395812880424
2019-12-26,28.437167753743626
2019-12-27,28.61971385494132
2019-12-30,29.3223534992686
2020-01-02,29.39532034369979
2020-01-03,29.773582421831655
2020-01-06,30.843768510479126
2020-01-07,30.125241277884395
2020-01-08,29.10377092820338
2020-01-09,28.36649963774096
2020-01-10,28.534540723331553
2020-01-13,27.831047384085533
2020-01-14,27.841453744099578
2020-01-15,27.60874888767282
2020-01-16,27.92714455236801
2020-01-17,27.935938453450156
2020-01-20,28.63126998138109
2020-01-21,29.067048329195178
2020-01-22,28.451234046370647
2020-01-23,27.949305288496618
2020-01-24,27.49402471050206
2020-01-27,27.813655015999544
2020-01-28,27.503814187731464
2020-01-29,27.06705782642082
2020-01-30,26.78900197009111
2020-01-31,27.042999107068404
2020-02-03,28.629048216457235
2020-02-04,29.26436919499241
2020-02-05,29.033875771061147
2020-02-06,28.684039706824326
2020-02-07,27.998288166738035
2020-02-10,27.580083876121947
2020-02-11,28.419754927340556
2020-02-12,28.91513913203386
2020-02-13,28.598477606272684
2020-02-14,27.56679709654225
2020-02-17,27.380492939232617
2020-02-18,27.836807602487333
2020-02-19,27.378784945219234
2020-02-20,27.470046477367553
2020-02-21,27.594036123532078
2020-02-26,27.025294287264156
2020-02-27,27.44199238627365
2020-02-28,28.889724997308118
2020-03-02,28.930640254989058
2020-03-03,28.875705863156657
2020-03-04,29.176919432871063
2020-03-05,28.679704736371235
2020-03-06,28.45499929240955
2020-03-09,28.417551264188848
2020-03-10,28.71418670482056
2020-03-11,29.20802530557671
2020-03-12,29.73844735368683
2020-03-13,30.694408234790806
2020-03-16,31.521551912436088
2020-03-17,31.886469242983555
2020-03-18,31.430801565509874
2020-03-19,31.13059618833091
2020-03-20,30.97605636822304
2020-03-23,31.171696555220237
2020-03-24,31.20135610788927
2020-03-25,30.62015469964878
2020-03-26,29.764532731507785
2020-03-27,29.403073321646517
2020-03-30,28.475357212831252
2020-03-31,27.685644855445567
2020-04-01,27.876979533081435
2020-04-02,28.23820363248857
2020-04-03,27.95186042116809
2020-04-06,27.86293232032989
2020-04-07,27.84480639280896
2020-04-08,27.983928860240628
2020-04-09,28.070047542073375
2020-04-13,27.48904631316907
2020-04-14,26.900125508891325
2020-04-15,26.839795243157813
2020-04-16,26.99319505197469
2020-04-17,27.153818145029163
2020-04-20,27.25243819460314
2020-04-22,27.36277063721981
2020-04-23,27.271936180056876
2020-04-24,27.7345499478643
2020-04-27,28.552734841396205
2020-04-28,28.17985188915463
2020-04-29,28.12601235459375
2020-04-30,28.08841477407875
2020-05-04,28.515044161447477
2020-05-05,27.852466617264653
2020-05-06,27.853452640614012
2020-05-07,28.014429981958852
2020-05-08,28.644862585194527
2020-05-11,28.632925096622063
2020-05-12,28.860419387477695
2020-05-13,29.274190033422396
2020-05-14,29.435119960258877
2020-05-15,29.591863530782835
2020-05-18,29.640751382158577
2020-05-19,29.616691603885048
2020-05-20,29.293135905972232
2020-05-21,29.142733839340945
2020-05-22,28.582684506893848
2020-05-25,28.514959982174453
2020-05-26,28.60858890641842
2020-05-27,29.89563931268075
2020-05-28,29.892242860335426
2020-05-29,30.067152781091206
2020-06-01,30.507416957604086
2020-06-02,28.867366408100736
2020-06-03,28.933250398391838
2020-06-04,30.006807770662604
2020-06-05,30.18118068323146
2020-06-08,29.59234737819649
2020-06-09,28.989455086060968
2020-06-10,28.98159132426725
2020-06-12,28.70095675385793
2020-06-15,28.367920872309092
2020-06-16,28.68717056753813
2020-06-17,27.285364940361667
2020-06-18,27.429355843863416
2020-06-19,27.093562564095652
2020-06-22,27.067969853141495
2020-06-23,27.397498928989823
2020-06-24,27.419571542652672
2020-06-25,27.576479466188523
2020-06-26,27.018625310306756
2020-06-29,26.996426738709236
2020-06-30,27.403086811126606
2020-07-01,27.429061310681817
2020-07-02,27.67013820784176
2020-07-03,27.36992708790108
2020-07-06,27.319586399262548
2020-07-07,27.42977713667963
2020-07-08,27.83032390285677
2020-07-09,28.010071967944786
2020-07-10,28.082073167083152
2020-07-13,28.387662210182047
2020-07-14,28.57265315302392
2020-07-15,28.938849151897777
2020-07-16,28.799909031271415
2020-07-17,28.8579557166147
2020-07-20,29.010567860052692
2020-07-21,29.2617513827272
2020-07-22,29.184042566106307
2020-07-23,29.942952196979647
2020-07-24,30.222327945804423
2020-07-27,29.64388132099384
2020-07-28,29.51461907848317
2020-07-29,29.036738778750326
2020-07-30,29.45834071448155
2020-07-31,29.175760414818665
2020-08-03,29.52765910794033
2020-08-04,29.856393682019412
2020-08-05,30.344403035486195
2020-08-06,29.8634385839358
2020-08-07,30.003761939697952
2020-08-10,29.639331745608235
2020-08-11,29.87113467509325
2020-08-12,29.632075713975187
2020-08-13,30.409646040538316
2020-08-14,30.273966675368662
2020-08-17,30.77752336359447
2020-08-18,30.7094253670198
2020-08-19,30.242478210524265
2020-08-20,30.42058080761823
2020-08-21,30.449249238820556
2020-08-24,30.230988823901846
2020-08-25,29.968240010876034
2020-08-26,29.31430698607849
2020-08-27,30.092364138317617
2020-08-28,29.98633611696685
2020-08-31,29.93504397229775
2020-09-01,30.594495601609218
2020-09-02,29.856538775043663
2020-09-03,29.682960640862607
2020-09-04,29.719332463531888
2020-09-08,29.594153733941678
2020-09-09,29.349274056998812
2020-09-10,29.16342945466176
2020-09-11,29.340572230129997
2020-09-14,29.474885486802798
2020-09-15,29.96724470791661
2020-09-16,30.177686261277458
2020-09-17,30.26739573505818
2020-09-18,30.51845766643387
2020-09-21,31.004335111468286
2020-09-22,31.556451646915356
2020-09-23,31.3376572545939
2020-09-24,31.74669211651138
2020-09-25,31.686272858530092
2020-09-28,31.625688274734664
2020-09-29,31.75108764584988
2020-09-30,31.881772490403417
2020-10-01,32.20647662311634
2020-10-02,32.8123899899927
2020-10-05,32.337682490844735
2020-10-06,32.45818655483718
2020-10-07,32.43035602742533
2020-10-08,31.467908961225728
2020-10-09,31.446927753956114
2020-10-13,31.32970996545776
2020-10-14,30.75089389497698
2020-10-15,30.768765283721766
2020-10-16,31.217858579732667
2020-10-19,31.45274025934352
2020-10-20,31.47705229685678
2020-10-21,31.77939293585717
2020-10-22,31.557475542276457
2020-10-23,31.5632818849535
2020-10-26,31.097001231414268
2020-10-27,31.5413896482809
2020-10-28,31.261800847514102
2020-10-29,31.34487967543202
2020-10-30,31.489890850917636
2020-11-03,31.545694329406878
2020-11-04,31.885752356382987
2020-11-05,32.70243962455056
2020-11-06,33.54465938930759
2020-11-09,33.04091305686341
2020-11-10,32.9602633830989
2020-11-11,33.25445029601641
2020-11-12,32.55526246067794
2020-11-13,31.79199296596372
2020-11-16,31.098847417211367
2020-11-17,31.504843588064812
2020-11-18,31.279759010480376
2020-11-19,30.72365390387401
2020-11-20,30.099607001572924
2020-11-23,30.02810292667933
2020-11-24,29.9463570940032
2020-11-25,30.068947479303876
2020-11-26,29.854926670774315
2020-11-27,30.010571937796716
2020-11-30,30.5452290978637
2020-12-01,31.191792140817938
2020-12-02,30.11046995257719
2020-12-03,29.516801844315854
2020-12-04,29.2948481035745
2020-12-07,29.08715871121566
2020-12-08,28.904599060510456
2020-12-09,28.697191365392907
2020-12-10,28.65653111993363
2020-12-11,28.367281564229685
2020-12-14,28.361267123679795
2020-12-15,28.593605024262878
2020-12-16,28.992348362119838
2020-12-17,30.105045043659
2020-12-18,30.037547616345407
2020-12-21,30.943447832777867
2020-12-22,32.05850007243704
2020-12-23,32.142698786332694
2020-12-28,31.366511006286068
2020-12-29,31.544447938947336
2020-12-30,30.04087363185143
2021-01-04,29.500060950366148
2021-01-05,30.030780480770186
2021-01-06,30.10494463133463
2021-01-07,30.669512630666965
2021-01-08,30.746374403336656
2021-01-11,30.617551259399256
2021-01-12,31.493524842588233
2021-01-13,31.262439646776784
2021-01-14,31.273874505935787
2021-01-15,31.48559124509496
2021-01-18,31.78734013544012
2021-01-19,32.139752035066664
2021-01-20,31.413585399156695
2021-01-21,31.444071264341062
2021-01-22,31.168934607946703
2021-01-26,31.680333485785937
2021-01-27,31.747042901173774
2021-01-28,32.08056215973959
2021-01-29,32.70706404578653
2021-02-01,32.69321604508346
2021-02-02,32.68104913387926
2021-02-03,32.647720338476766
2021-02-04,32.68542224072738
2021-02-05,32.32239815323092
2021-02-08,32.29207739190545
2021-02-09,31.357461303906295
2021-02-10,31.30277590712033
2021-02-11,31.404660167758028
2021-02-12,31.251160365022116
2021-02-17,31.2220795690884
2021-02-18,31.75390817470818
2021-02-19,31.590834743399565
2021-02-22,31.859986264376115
2021-02-23,32.66529425643279
2021-02-24,32.60444769926609
2021-02-25,32.786250475694494
2021-02-26,33.35596983175997
2021-03-01,32.724337036202655
2021-03-02,32.20340157349458
2021-03-03,32.049945755401204
2021-03-04,32.481470733184175
2021-03-05,33.25857436036893
2021-03-08,33.77093082904103
2021-03-09,34.51277281294372
2021-03-10,34.3869630779156
2021-03-11,34.95189519603958
2021-03-12,34.849705841789046
2021-03-15,35.30350254487338
2021-03-16,35.62365916002845
2021-03-17,34.78439911978033
2021-03-18,35.49063697310421
2021-03-19,36.53535321150405
2021-03-22,37.31178973012017
2021-03-23,36.92360213963991
2021-03-24,36.18910915674105
2021-03-25,36.42151863266149
2021-03-26,35.57971975518195
2021-03-29,36.01434605579969
2021-03-30,35.79530909337881
2021-03-31,35.93731854730394
2021-04-01,35.58761871794799
2021-04-05,35.2296324499656
2021-04-06,35.60486487925662
2021-04-07,34.93071733288727
2021-04-08,34.4687829150727
2021-04-09,34.735169045990524
2021-04-12,34.771557661354514
2021-04-13,34.14678288916986
2021-04-14,34.08596921321504
2021-04-15,34.09098072094598
2021-04-16,34.02848838999656
2021-04-19,34.436509354171356
2021-04-20,35.24080393968735
2021-04-22,34.59403916974442
2021-04-23,34.88640645415522
2021-04-26,34.34425712873953
2021-04-27,33.70227799279229
2021-04-28,34.083589996550295
2021-04-29,34.13892334150972
2021-04-30,34.093516148443605
2021-05-03,33.58637576344368
2021-05-04,33.59350764880003
2021-05-05,34.0557152675501
2021-05-06,33.999917006215966
2021-05-07,34.10454540552923
2021-05-10,34.121785703809515
2021-05-11,33.943297067322746
2021-05-12,34.126665602596994
2021-05-13,34.36225053771794
2021-05-14,34.02650531548164
2021-05-17,33.676301533208296
2021-05-18,33.72581078232244
2021-05-19,34.335069024329655
2021-05-20,35.67498180662487
2021-05-21,36.331204862663434
2021-05-24,37.96621156084147
2021-05-25,37.56546830457597
2021-05-26,35.79082491333993
2021-05-27,33.83632680216022
2021-05-28,34.25459167105758
2021-05-31,33.74389678810032
2021-06-01,34.074357201052855
2021-06-02,34.77046923300672
2021-06-04,36.039557565966405
2021-06-07,36.40363240855121
2021-06-08,35.99447854998658
2021-06-09,36.13776882085708
2021-06-10,36.353669866038324
2021-06-11,35.504398167186395
2021-06-14,35.91741082846699
2021-06-15,35.81201878063102
2021-06-16,36.227385730948235
2021-06-17,37.47019422795067
2021-06-18,37.63247551961959
2021-06-21,37.98006726657749
2021-06-22,37.360855810387946
2021-06-23,36.378396389174895
2021-06-24,35.869037498689416
2021-06-25,36.050010571002744
2021-06-28,35.78581883754576
2021-06-29,36.14975484121923
2021-06-30,36.001728994939555
2021-07-01,36.240576664710815
2021-07-02,36.461838366463375
2021-07-05,35.30144478493791
2021-07-06,34.22100329846598
2021-07-07,34.516917526633776
2021-07-08,34.2102970920411
2021-07-12,34.55797313560259
2021-07-13,34.50711662122125
2021-07-14,34.16389543315744
2021-07-15,34.246050160909235
2021-07-16,33.98156699640269
2021-07-19,33.88930397598654
2021-07-20,33.608036309181536
2021-07-21,33.91357990773724
2021-07-22,34.200247968569506
2021-07-23,33.57819900287619
2021-07-26,33.931940148772895
2021-07-27,33.69207851127712
2021-07-28,34.122613723011646
2021-07-29,33.75088566190817
2021-07-30,33.22731726096669
2021-08-02,33.26688073163098
2021-08-03,33.19719860304433
2021-08-04,33.49857130097754
2021-08-05,33.666048320869244
2021-08-06,33.73802632836047
2021-08-09,32.93671939974287
2021-08-10,33.66158809876001
2021-08-11,33.50997386712939
2021-08-12,33.306910884198835
2021-08-13,33.84122651743553
2021-08-16,33.819848711503994
2021-08-17,34.10485506279317
2021-08-18,34.43394645643959
2021-08-19,33.76536114097582
2021-08-20,33.92960458102957
2021-08-23,33.61495385615196
2021-08-24,32.30651196255059
2021-08-25,31.8506337919989
2021-08-26,31.655459217960388
2021-08-27,31.410342070968593
2021-08-30,31.127515661295163
2021-08-31,30.81471605924209
2021-09-01,31.302467161069256
2021-09-02,30.95136957007433
2021-09-03,30.85950951174867
2021-09-06,30.77740983527578
2021-09-08,29.996687748938818
2021-09-09,30.110843544863634
2021-09-10,30.076930179325064
2021-09-13,30.893357157039397
2021-09-14,30.72480945837372
2021-09-15,30.6693321484898
2021-09-16,31.443201203841507
2021-09-17,31.682115505985035
2021-09-20,31.929033413193864
2021-09-21,32.024008605037594
2021-09-22,32.142939231548446
2021-09-23,31.606442335707655
2021-09-24,32.00249326062378
2021-09-27,32.28297628781404
2021-09-28,32.01700661607327
2021-09-29,32.24689059358899
2021-09-30,32.20530901929423
2021-10-01,32.9786254293774
2021-10-04,33.52623097984495
2021-10-05,33.90747616426561
2021-10-06,34.07272053391472
2021-10-07,33.8434626143887
2021-10-08,33.626333212821784
2021-10-11,33.61819185503761
2021-10-13,33.30743101104794
2021-10-14,32.943430799688
2021-10-15,32.79418594729106
2021-10-18,33.302194179346046
2021-10-19,32.82818414622714
2021-10-20,32.986120925765064
2021-10-21,33.767370417949984
2021-10-22,33.88547890407312
2021-10-25,34.91569994317062
2021-10-26,35.24219420109961
2021-10-27,35.15437713785838
2021-10-28,35.11633938998339
2021-10-29,35.271767711679615
2021-11-01,35.19510734517161
2021-11-03,34.683258756181196
2021-11-04,34.68498106877032
2021-11-05,34.432960050465304
2021-11-08,33.49831356998127
2021-11-09,33.216044286922006
2021-11-10,33.19281560160058
2021-11-11,33.87819216640142
2021-11-12,34.25892511449256
2021-11-16,33.99281354933934
2021-11-17,33.54792643754482
2021-11-18,33.73558631506291
2021-11-19,33.445825839339655
2021-11-22,33.91037471869284
2021-11-23,33.964810415696014
2021-11-24,34.15132890799757
2021-11-25,33.86980595753394
2021-11-26,33.85926212817415
2021-11-29,34.00528378515749
2021-11-30,34.15853609554036
2021-12-01,34.35995093626936
2021-12-02,33.72782554883653
2021-12-03,33.90751135703921
2021-12-06,34.57258824553241
2021-12-07,34.16323653459605
2021-12-08,33.20450355378735
2021-12-09,33.71851566094561
2021-12-10,33.15915010982806
2021-12-13,32.81305723763544
2021-12-14,32.317589117236245
2021-12-15,32.16981758542077
2021-12-16,32.110908638572184
2021-12-17,33.07688287014588
2021-12-20,34.41331895466265
2021-12-21,34.0989380379646
2021-12-22,33.04608794522885
2021-12-23,32.519988890414346
2021-12-27,32.385602090957065
2021-12-28,32.59048647156813
2021-12-29,32.09017705009031
2021-12-30,32.00565277326043
2022-01-03,32.20162792308476
2022-01-04,32.5390596328152
2022-01-05,33.223996851095734
2022-01-06,33.55486687717426
2022-01-07,33.99707087441568
2022-01-10,35.605939147245046
2022-01-11,34.90622555692171
2022-01-12,35.73015382255244
2022-01-13,36.400375034770285
2022-01-14,36.08417218495639
2022-01-17,36.72962282578835
2022-01-18,37.10562619430592
2022-01-19,37.62409534339257
2022-01-20,37.540537880516986
2022-01-21,37.6455497323463
2022-01-24,37.732078596803156
2022-01-25,37.37401489860432
2022-01-26,37.233701560161336
2022-01-27,38.20682202195099
2022-01-28,38.51430015595995
2022-01-31,38.11244077629677
2022-02-01,37.94628116744024
2022-02-02,38.37645824864399
2022-02-03,38.217834836867986
2022-02-04,38.42313713917306
2022-02-07,38.469342547023
2022-02-08,38.288820263879956
2022-02-09,39.45169340276581
2022-02-10,40.12196463940388
2022-02-11,39.463427067605366
2022-02-14,39.56734053466713
2022-02-15,39.69354086086149
2022-02-16,39.23395074484781
2022-02-17,37.811326198248906
2022-02-18,37.266794096287015
2022-02-21,37.319028197673894
2022-02-22,35.73255435895491
2022-02-23,36.159690846760924
2022-02-24,36.22873313526948
2022-02-25,36.00608505456511
2022-03-02,36.78222725220547
2022-03-03,36.971597886736944
2022-03-04,36.560415002987824
2022-03-07,35.95994006858735
2022-03-08,35.7611781507786
2022-03-09,36.28656801736282
2022-03-10,36.47592584594571
2022-03-11,36.22862653991691
2022-03-14,36.0069751667886
2022-03-15,35.80598727626895
2022-03-16,35.650885121431266
2022-03-17,36.074454502867695
2022-03-18,36.03453769616498
2022-03-21,37.416778699076275
2022-03-22,36.54051868992844
2022-03-23,35.66644925262821
2022-03-24,35.080154874095655
2022-03-25,34.85677043252138
2022-03-28,34.82278089694625
2022-03-29,34.07793083914435
2022-03-30,34.16023699615251
2022-03-31,34.176853742514346
2022-04-01,33.68680435942734
2022-04-04,33.6655419309403
2022-04-05,33.99620190218527
2022-04-06,33.905881321060264
2022-04-07,34.35744566086916
2022-04-08,34.03701219791684
2022-04-11,34.052607520610444
2022-04-12,34.33162050954649
2022-04-13,34.460804715242936
2022-04-14,35.00319107461065
2022-04-18,36.19220528017144
2022-04-19,35.65386843688862
2022-04-20,36.32548482404004
2022-04-22,36.212224924567316
2022-04-25,36.86982876644753
2022-04-26,34.960938948905
2022-04-27,35.208412780620364
2022-04-28,35.09612580936932
2022-04-29,35.74339897361374
2022-05-02,35.74610654297159
2022-05-03,35.60772332967984
2022-05-04,36.196510913847824
2022-05-05,35.359295955876085
2022-05-06,36.04874730274851
2022-05-09,36.135261659164556
2022-05-10,37.11057464222167
2022-05-11,36.76192853972142
2022-05-12,37.42422149247928
2022-05-13,37.7067191164174
2022-05-16,37.673645829366606
2022-05-17,38.07133278902884
2022-05-18,38.116436894000586
2022-05-19,38.497802780276984
2022-05-20,38.11891225967372
2022-05-23,38.928476137566875
2022-05-24,38.48295595871214
2022-05-25,38.00639116964743
2022-05-26,37.336483250158835
2022-05-27,38.34198616391162
2022-05-30,39.4963435732493
2022-05-31,38.28446316921933
2022-06-01,38.05726138379683
2022-06-02,38.3871791364096
2022-06-03,37.5859138709403
2022-06-06,37.39762831325495
2022-06-07,37.24438889920408
2022-06-08,36.4100916109237
2022-06-09,35.91881166250522
2022-06-10,36.16782944971323
2022-06-13,36.12877745847236
2022-06-14,35.60620483171716
2022-06-15,35.74204819244332
2022-06-17,35.77158514387256
2022-06-20,37.43283050342763
2022-06-21,36.88932400982911
2022-06-22,36.46228637668858
2022-06-23,37.64406217207127
2022-06-24,37.3350607430116
2022-06-27,36.67546714640927
2022-06-28,36.14731326504015
2022-06-29,35.84826587746799
2022-06-30,36.233051646739256
2022-07-01,37.102297959599305
2022-07-04,36.01820729916277
2022-07-05,35.67074349089465
2022-07-06,36.24060926012887
2022-07-07,35.75647042836288
2022-07-08,35.66763096122118
2022-07-11,35.600010798723325
2022-07-12,35.7550791853424
2022-07-13,35.90673949370406
2022-07-14,35.577837105275435
2022-07-15,35.58786009331551
2022-07-18,35.80279807762092
2022-07-19,35.41160200489815
2022-07-20,35.3483650547439
2022-07-21,34.96202498243721
2022-07-22,35.085582240369185
2022-07-25,35.46386918322181
2022-07-26,35.40751238295753
2022-07-27,35.14455885080455
2022-07-28,35.67046332003162
2022-07-29,36.39010684854982
2022-08-01,36.950430847148034
2022-08-02,36.78015397699904
2022-08-03,37.28954285317822
2022-08-04,37.379072867124044
2022-08-05,38.426540085477356
2022-08-08,38.77588368697657
2022-08-09,38.962097185119426
2022-08-10,39.65879510895025
2022-08-11,39.83508784308137
2022-08-12,40.39949776868759
2022-08-15,40.79316550054576
2022-08-16,41.95439869320612
2022-08-17,41.06252114829081
2022-08-18,40.16863857615069
2022-08-19,39.28860713450357
2022-08-22,40.195409599326155
2022-08-23,37.169346909758744
2022-08-24,37.484266999428186
2022-08-25,36.752095512261285
2022-08-26,36.14321082026996
2022-08-29,36.26260643013905
2022-08-30,36.26564049170064
2022-08-31,36.62594156194201
2022-09-01,35.305515411720485
2022-09-02,35.137422944728634
2022-09-05,35.95595710750701
2022-09-06,36.07516788795826
2022-09-08,35.861771004053836
2022-09-09,35.690316085654956
2022-09-12,35.61025787748594
2022-09-13,35.23145209385672
2022-09-14,35.48002633792986
2022-09-15,35.598497336713045
2022-09-16,36.60507368485099
2022-09-19,38.544669590543315
2022-09-20,36.928190268424906
2022-09-21,37.441472107348844
2022-09-22,37.792355323711796
2022-09-23,38.66365663166605
2022-09-26,39.123422464915656
2022-09-27,39.331923514327514
2022-09-28,39.32195793005884
2022-09-29,39.40797780652777
2022-09-30,39.62061122101354
2022-10-03,41.087949411316444
2022-10-04,42.78554753592913
2022-10-05,43.553082216991534
2022-10-06,44.45586355498852
2022-10-07,44.60958096022475
2022-10-10,44.548614756720404
2022-10-11,43.17061409609748
2022-10-13,42.60973095818342
2022-10-14,42.66070123170312
2022-10-17,41.91304688179511
2022-10-18,42.08961393620395
2022-10-19,42.259351046705774
2022-10-20,43.0471692740933
2022-10-21,43.004722349002954
2022-10-24,44.274003583145145
2022-10-25,42.956624273920546
2022-10-26,42.899479367576355
2022-10-27,42.60369250682364
2022-10-28,43.62196890431804
2022-10-31,43.52904736309182
2022-11-01,44.45139351368269
2022-11-03,45.63931316184728
2022-11-04,45.23930546083225
2022-11-07,46.01117162081103
2022-11-08,46.10520673147443
2022-11-09,46.58528018108646
2022-11-10,48.313097561425984
2022-11-11,49.30940214659711
2022-11-14,49.61996151225279
2022-11-16,49.25848671027974
2022-11-17,48.821316358003486
2022-11-18,48.67388279141399
2022-11-21,49.41161678828482
2022-11-22,48.09633202744698
2022-11-23,47.25748326082649
2022-11-24,46.4976990165159
2022-11-25,46.213412544177025
2022-11-28,45.12645766122836
2022-11-29,46.464682522562896
2022-11-30,46.88334643317464
2022-12-01,48.36294730036132
2022-12-02,48.47429428375485
2022-12-05,47.69121116460864
2022-12-06,47.85236774884183
2022-12-07,48.63771657764628
2022-12-08,48.22492151514736
2022-12-09,47.31090672448197
2022-12-12,47.844232912832354
2022-12-13,48.64325993716686
2022-12-14,48.486676960050914
2022-12-15,49.288176212237396
2022-12-16,48.16225041706921
2022-12-19,49.41817864008581
2022-12-20,48.23073351112387
2022-12-21,47.37331575524347
2022-12-22,47.74115146958652
2022-12-23,45.72169782051407
2022-12-26,45.764590201138525
2022-12-27,45.82251132528546
2022-12-28,46.453070801199694
2022-12-29,46.693388063972094
2023-01-02,46.70198111632224
2023-01-03,46.73788912460653
2023-01-04,47.65294721159339
2023-01-05,48.51188093281305
2023-01-06,49.202278371786484
2023-01-09,50.94099843740049
2023-01-10,48.45172164945511
2023-01-11,47.733300340387316
2023-01-12,47.76263605576056
2023-01-13,47.583228714292694
2023-01-16,47.54495322928783
2023-01-17,46.7601129701857
2023-01-18,46.351930457435294
2023-01-19,46.7920377787555
2023-01-20,46.215179741106866
2023-01-23,48.05130761602833
2023-01-24,44.941723216398586
2023-01-25,53.97648111574498
2023-01-26,44.652781933905395
2023-01-27,45.321514017029
2023-01-30,45.271974039564945
2023-01-31,45.786625599831375
2023-02-01,46.3277113702561
2023-02-02,45.80297097702123
2023-02-03,46.15765804274015
2023-02-06,45.714058564747624
2023-02-07,45.717168633559744
2023-02-08,46.2049643560945
2023-02-09,46.417308841358256
2023-02-10,47.534051357239825
2023-02-13,47.99108781357672
2023-02-14,46.96534083752252
2023-02-15,47.118673604812315
2023-02-16,47.19157242978588
2023-02-17,47.08145741724598
2023-02-22,48.07790382653042
2023-02-23,46.39610778883647
2023-02-24,47.02566138957264
2023-02-27,46.80136587414604
2023-02-28,46.43898338707038
2023-03-01,47.1388594785413
2023-03-02,46.89451742820908
2023-03-03,47.42669495274996
2023-03-06,46.7859538719193
2023-03-07,46.01538034468419
2023-03-08,45.883861049011905
2023-03-09,46.109285980909846
2023-03-10,46.24404201302321
2023-03-13,45.59588848299973
2023-03-14,46.18837912714797
2023-03-15,45.49759196366309
2023-03-16,46.11084969326591
2023-03-17,45.40190060797911
2023-03-20,47.000067647121696
2023-03-21,44.39864474661282
2023-03-22,43.420494069870486
2023-03-23,42.79671344030838
2023-03-24,43.52082106060449
2023-03-27,43.38141231930953
2023-03-28,42.14636647749926
2023-03-29,42.04002925761338
2023-03-30,41.9438708867623
2023-03-31,42.37435456703385
2023-04-03,43.50392687990188
2023-04-04,43.588901530622515
2023-04-05,43.301303507903775
2023-04-06,43.23408454349435
2023-04-10,43.457755559365985
2023-04-11,43.532984903349046
2023-04-12,43.835400616617754
2023-04-13,44.5186620897307
2023-04-14,45.613908076238125
2023-04-17,47.35556192904934
2023-04-18,47.448693883958605
2023-04-19,48.16265862819857
2023-04-20,47.98640054010886
2023-04-24,48.90915724077984
2023-04-25,48.84730255622761
2023-04-26,48.97262799246411
2023-04-27,48.67030715623786
2023-04-28,48.22185034165186
2023-05-02,49.054312161892284
2023-05-03,48.59884200206614
2023-05-04,48.5423944688637
2023-05-05,48.84285222920601
2023-05-08,48.80735713902337
2023-05-09,49.05605120916517
2023-05-10,48.642799862729966
2023-05-11,49.403830340461674
2023-05-12,48.116769076670685
2023-05-15,48.79984036134238
2023-05-16,49.50733199194239
2023-05-17,49.997166360712114
2023-05-18,50.26833299959019
2023-05-19,50.36959996843115
2023-05-22,50.96805165545466
2023-05-23,49.97145541419537
2023-05-24,49.21821040545403
2023-05-25,49.273191119212406
2023-05-26,49.67061708604147
2023-05-29,49.618080339744964
2023-05-30,49.517926892648866
2023-05-31,49.72053016621143
2023-06-01,50.70994182981175
2023-06-02,49.28647177289353
2023-06-05,49.49541482702896
2023-06-06,48.9523557087897
2023-06-07,49.00838710975393
2023-06-09,49.106613555403705
2023-06-12,48.30106060310169
2023-06-13,48.25661277828601
2023-06-14,47.685910616893906
2023-06-15,48.64345835226884
2023-06-16,46.97655368527206
2023-06-19,47.70745176590447
2023-06-20,43.465956443877914
2023-06-21,43.77785310764258
2023-06-22,44.23874386596341
2023-06-23,44.96986558138046
2023-06-26,44.73665866227196
2023-06-27,44.70032744923297
2023-06-28,44.20964274387978
2023-06-29,43.93195301594719
2023-06-30,43.90358440432303
2023-07-03,43.73249360272627
2023-07-04,43.48373894980446
2023-07-05,43.078910883615954
2023-07-06,43.172328840445736
2023-07-07,42.96891078610811
2023-07-10,43.405120614660724
2023-07-11,43.397190911330185
2023-07-12,43.16349738056463
2023-07-13,43.0359615928624
2023-07-14,43.527129521798415
2023-07-17,43.33410043823285
2023-07-18,43.18940392402377
2023-07-19,43.15881731891546
2023-07-20,43.11309909718164
2023-07-21,43.38745914543552
2023-07-24,44.71642294109696
2023-07-25,43.30342483602828
2023-07-26,43.10082323710552
2023-07-27,43.92444072819278
2023-07-28,43.296415764616825
2023-07-31,43.3065219168982
2023-08-01,43.212688582553454
2023-08-02,43.36289876212004
2023-08-03,43.81186726411369
2023-08-04,45.42986995344443
2023-08-07,45.57209543041665
2023-08-08,45.3782936069522
2023-08-09,45.32297472189082
2023-08-10,45.507329155506824
2023-08-11,46.38544815005844
2023-08-14,46.067938207414976
2023-08-15,46.70659381677511
2023-08-16,46.35642041139099
2023-08-17,45.9700162176577
2023-08-18,45.157097478552394
2023-08-21,44.542859871391826
2023-08-22,43.41714001300185
2023-08-23,42.78350472003438
2023-08-24,43.08652374334185
2023-08-25,42.87182313391786
2023-08-28,43.28078743928242
2023-08-29,43.48486038540071
2023-08-30,43.73059334781834
2023-08-31,43.532427291666366
2023-09-01,43.869761371489
2023-09-04,44.12059370132834
2023-09-05,43.77560604606975
2023-09-06,43.57244178849249
2023-09-08,43.170562258089134
2023-09-11,43.65392493004993
2023-09-12,43.51097061890851
2023-09-13,43.77271066016852
2023-09-14,43.28008554823051
2023-09-15,44.10129994276436
2023-09-18,44.88526700671217
2023-09-19,44.624667347058995
2023-09-20,44.67839717312486
2023-09-21,44.35824441520222
2023-09-22,45.080117170913766
2023-09-25,44.90921884742265
2023-09-26,45.26899299204671
2023-09-27,46.01136893564037
2023-09-28,45.759421665869645
2023-09-29,45.70780336503603
2023-10-02,45.864092971749166
2023-10-03,45.537337696761035
2023-10-04,45.649299945852455
2023-10-05,46.08498725900503
2023-10-06,46.43330296454885
2023-10-09,46.42620956981137
2023-10-10,46.344937160897345
2023-10-11,46.38400334907462
2023-10-13,45.8280502686371
2023-10-16,45.976880657456455
2023-10-17,45.93730546356859
2023-10-18,46.284772325988264
2023-10-19,46.88106526481113
2023-10-20,46.79549084019339
2023-10-23,46.96928709295613
2023-10-24,46.02581345612805
2023-10-25,45.744096551528976
2023-10-26,45.699502836957414
2023-10-27,46.28325411381171
2023-10-30,46.33158066227638
2023-10-31,46.77035840279235
2023-11-01,46.917961440463735
2023-11-03,46.79319975649947
2023-11-06,47.21705656924419
2023-11-07,47.20606091036117
2023-11-08,47.33634125517732
2023-11-09,47.81681162001285
2023-11-10,47.020065660462585
2023-11-13,46.15768708592325
2023-11-14,46.1300985036159
2023-11-16,46.63738848737771
2023-11-17,46.51715956723668
2023-11-20,46.41624123944983
2023-11-21,46.201512801393164
2023-11-22,45.65588377250213
2023-11-23,44.68579423788981
2023-11-24,44.75022748920327
2023-11-27,43.97835464079958
2023-11-28,43.558323583807166
2023-11-29,42.869678538149756
2023-11-30,43.12239966520236
2023-12-01,43.61102517205114
2023-12-04,44.128584234564286
2023-12-05,44.3394433306065
2023-12-06,44.09812074856072
2023-12-07,44.194031305836354
2023-12-08,43.923060107315884
2023-12-11,44.23154773552908
2023-12-12,46.02351412778349
2023-12-13,46.38106004043368
2023-12-14,46.62530095145113
2023-12-15,48.73098292487039
2023-12-18,47.14214175909749
2023-12-19,44.93889900218774
2023-12-20,44.1030164866477
2023-12-21,42.49653316545888
2023-12-22,42.06916575956492
2023-12-26,41.85719452361334
2023-12-27,42.305447178346746
2023-12-28,40.5968692003385
2024-01-02,40.80240498585012
2024-01-03,41.48587782648354
2024-01-04,41.31762990148969
2024-01-05,41.72567599553886
2024-01-08,41.24656288842822
2024-01-09,40.8380351957219
2024-01-10,40.62295626887373
2024-01-11,40.84669149705308
2024-01-12,40.52330429079844
2024-01-15,40.402316228216215
2024-01-16,40.311021409774014
2024-01-17,40.81878881193003
2024-01-18,41.28188897716009
2024-01-19,41.30396929896757
2024-01-22,42.27376229548919
2024-01-23,41.32190606185438
2024-01-24,40.69832739945674
2024-01-25,40.215142904336204
2024-01-26,39.20640917592182
2024-01-29,39.658969033209324
2024-01-30,40.302957013523205
2024-01-31,39.95310967457213
2024-02-01,39.913518746603835
2024-02-02,39.48894331127806
2024-02-05,39.70090636200709
2024-02-06,39.988349938443335
2024-02-07,40.36345702653006
2024-02-08,40.396101336230096
2024-02-09,40.19206171350335
2024-02-14,40.05852283081816
2024-02-15,39.25403712541076
2024-02-16,38.89932639445614
2024-02-19,39.96895857798733
2024-02-20,40.26311216516537
2024-02-21,40.460233807728095
2024-02-22,41.285485705122646
2024-02-23,41.98682161267381
2024-02-26,41.68921541734405
2024-02-27,41.20967774719963
2024-02-28,41.12700512803132
2024-02-29,41.08831524158227
2024-03-01,41.26490170707296
2024-03-04,41.09305640335944
2024-03-05,41.51740869985579
2024-03-06,43.320138964222
2024-03-07,43.147557716018106
2024-03-08,43.741269274699725
2024-03-11,45.1883764072257
2024-03-12,44.87641397141179
2024-03-13,43.83503548590796
2024-03-14,43.52649485244572
2024-03-15,44.276520414671914
2024-03-18,46.304661481172964
2024-03-19,45.10929579421838
2024-03-20,44.56691559878192
2024-03-21,43.81088364560783
2024-03-22,43.49111726444486
2024-03-25,43.32573845628677
2024-03-26,43.49186628260072
2024-03-27,43.39387525720394
2024-03-28,43.146183118305224
2024-04-01,43.00343423826033
2024-04-02,44.558452552727886
2024-04-03,45.75931413886473
2024-04-04,45.417448863768605
2024-04-05,45.403370403783654
2024-04-08,46.35014255600434
2024-04-09,46.00147429651301
2024-04-10,45.551148232821234
2024-04-11,45.80935010219311
2024-04-12,47.38419783696768
2024-04-15,48.12295270865339
2024-04-16,48.46973759202659
2024-04-17,48.89352252018184
2024-04-18,49.11568385779411
2024-04-19,49.66859294174163
2024-04-22,51.00317786876245
2024-04-23,49.162285370140864
2024-04-24,47.454873649000604
2024-04-25,47.04551369119331
2024-04-26,46.0366795411856
2024-04-29,45.63953409523334
2024-04-30,44.69653240262169
2024-05-02,44.74952985401896
2024-05-03,44.39463959831254
2024-05-06,44.40510734962052
2024-05-07,44.6319412905039
2024-05-08,44.13955226112096
2024-05-09,43.71051262672213
2024-05-10,44.318066055674834
2024-05-13,44.380955642826855
2024-05-14,44.61198316188198
2024-05-15,45.96337415286147
2024-05-16,46.31480386801733
2024-05-17,46.70419332006353
2024-05-20,48.091009176868205
2024-05-21,46.04166940515737
2024-05-22,44.92758498228903
2024-05-23,44.678212624146965
2024-05-24,44.8348275695295
2024-05-27,49.97433433405015
2024-05-28,44.25553045394839
2024-05-29,44.62012717537593
2024-05-31,45.142439122174466
2024-06-03,45.41770381677467
2024-06-04,45.082214346897786
2024-06-05,45.24927085944027
2024-06-06,45.16151893992689
2024-06-07,45.32448485526711
2024-06-10,45.79067075796518
2024-06-11,45.5972067522319
2024-06-12,45.99913965760532
2024-06-13,45.79441424743885
2024-06-14,46.69722567496425
2024-06-17,46.278503780632
2024-06-18,45.75574674801712
2024-06-19,45.36851488436772
2024-06-20,45.59269851851974
2024-06-21,45.310727746905414
2024-06-24,46.92457315893771
2024-06-25,44.01175033362369
2024-06-26,43.69764059247628
2024-06-27,31.55969315801221
2024-06-28,43.297551156386
2024-07-01,43.893205336874786
2024-07-02,44.44716033203145
2024-07-03,44.36788316444789
2024-07-04,43.89860393172267
2024-07-05,43.451725642133525
2024-07-08,43.56267313929429
2024-07-09,43.926894670170974
2024-07-10,43.59215104335741
2024-07-11,43.711424284147526
2024-07-12,44.11895536485562
2024-07-15,43.87788887969493
2024-07-16,43.88021780085764
2024-07-17,44.18417836296507
2024-07-18,43.77290398639288
2024-07-19,45.08909621022384
2024-07-22,45.97387973716086
2024-07-23,44.85039382852091
2024-07-24,43.16929151467702
2024-07-25,42.77147502206431
2024-07-26,44.657668844180705
2024-07-29,45.47554588137809
2024-07-30,45.31952347938885
2024-07-31,45.741351991083164
2024-08-01,43.57260569209135
2024-08-02,44.55543157068229
2024-08-05,45.05528794747483
2024-08-06,44.56275439973663
2024-08-07,45.98582416082681
2024-08-08,45.16955930881207
2024-08-09,45.019294406595854
2024-08-12,43.79388376197555
2024-08-13,44.03446421906674
2024-08-14,45.0249778345067
2024-08-15,44.37986880390451
2024-08-16,44.08752020638549
2024-08-19,45.17198255902868
2024-08-20,43.51912459385524
2024-08-21,42.225864409866006
2024-08-22,41.62917098556745
2024-08-23,41.37923840939805
2024-08-26,41.178555817339884
2024-08-27,41.1956829167192
2024-08-28,39.62960888706571
2024-08-29,39.755082088676495
2024-08-30,40.21305047977504
2024-09-02,40.83852314761632
2024-09-03,39.51091344534562
2024-09-04,40.42169903189664
2024-09-05,39.5972994713139
2024-09-06,39.07847843545102
2024-09-09,38.353581669713414
2024-09-10,38.37999532856148
2024-09-11,38.285384665957125
2024-09-12,38.56143986418437
2024-09-13,38.81636461763977
2024-09-16,38.887804493188746
2024-09-17,38.333042945899564
2024-09-18,38.83839870924718
2024-09-19,38.63199696806839
2024-09-20,39.694865726694196
2024-09-23,42.140879036469045
2024-09-24,40.76377415007092
2024-09-25,40.59204170172859
2024-09-26,40.591067873028905
2024-09-27,40.797166228837476
2024-09-30,40.844148956020305
2024-10-01,40.50535074351852
2024-10-02,40.21243788353245
2024-10-03,40.344034999604496
2024-10-04,40.45997031474313
2024-10-07,40.30552216929645
2024-10-08,40.25741539069877
2024-10-09,40.647718781300284
2024-10-10,40.91249328632713
2024-10-11,40.90949171633579
2024-10-14,40.99036713996251
2024-10-15,40.86917471308
2024-10-16,41.38694656710646
2024-10-17,41.44343962810113
2024-10-18,40.943248353942955
2024-10-21,42.18804487108219
2024-10-22,41.72232339512312
2024-10-23,40.92786732430266
2024-10-24,41.25447127087929
2024-10-25,41.31654352954407
2024-10-28,41.890368596513824
2024-10-29,41.1861077387192
2024-10-30,41.67707310013143
2024-10-31,42.20376966092504
2024-11-01,42.09636578932895
2024-11-04,42.66415408219651
2024-11-05,42.77864019838477
2024-11-06,42.5912375526607
2024-11-07,42.542064038438504
2024-11-08,42.90938644600985
2024-11-11,43.382509307355114
2024-11-12,43.383633217353456
2024-11-13,43.69317199929011
2024-11-14,43.90923155094034
2024-11-18,45.27222309232066
2024-11-19,44.559312370510625
2024-11-21,43.76077048704019
2024-11-22,44.118432921765155
2024-11-25,44.01609888122308
2024-11-26,43.656400942799685
2024-11-27,42.63839069220399
2024-11-28,42.99002871692615
2024-11-29,43.80454242680241
2024-12-02,43.89573003987818
2024-12-03,43.437336555224526
2024-12-04,43.255860014248704
2024-12-05,43.11959557415349
2024-12-06,42.64244443057669
2024-12-09,43.068416873526544
2024-12-10,43.02894981987268
2024-12-11,42.827887231219364
2024-12-12,43.607089864193085
2024-12-13,43.75850708395849
2024-12-16,44.31238400169883
2024-12-17,43.619349587027585
2024-12-18,43.73914716942982
2024-12-19,44.09710287571165
2024-12-20,44.72674363355382
2024-12-23,46.48943547891489
2024-12-26,45.18278365770217
2024-12-27,44.64571052960493
2024-12-30,43.81642448614427
2025-01-02,44.32722106018648
2025-01-03,43.969949107386014
2025-01-06,44.314508119879484
2025-01-07,43.98441200309248
2025-01-08,44.36948468090081
2025-01-09,44.25103750464605
2025-01-10,43.851986847932196
2025-01-13,43.918316261948036
2025-01-14,43.80008717580724
2025-01-15,43.64376592177279
2025-01-16,44.333826619683094
2025-01-17,44.37100687479563
2025-01-20,45.06571438280464
2025-01-21,43.6463837068785
2025-01-22,43.42815658406587
2025-01-23,43.1683284810274
2025-01-24,44.118209426211095
2025-01-27,43.814253933955264
2025-01-28,43.762569323262994
2025-01-29,43.758944871240104
2025-01-30,43.55539770298793
2025-01-31,44.09660013964375
2025-02-03,44.0968432877452
2025-02-04,44.1198486284669
2025-02-05,44.191991579892836
2025-02-06,44.77391632014961
2025-02-07,44.457025774555014
2025-02-10,44.53451944323399
2025-02-11,44.7160430071869
2025-02-12,44.920834986267664
2025-02-13,46.02758996655216
2025-02-14,46.20984690956698
2025-02-17,46.70913808940332
2025-02-18,46.72815278334448
2025-02-19,47.699178581395884
2025-02-20,50.03287284056232
2025-02-21,49.98484071837273
2025-02-24,50.90554915790474
2025-02-25,49.58450683442333
2025-02-26,50.099546772064905
2025-02-27,51.10727945855005
2025-02-28,50.97228997749872
2025-03-05,51.52342218367382
2025-03-06,49.646991147829766
2025-03-07,49.30432496038495
2025-03-10,48.96731963200965
2025-03-11,48.44323232698291
2025-03-12,48.62635914773921
2025-03-13,48.6561186690374
2025-03-14,49.24924402315781
2025-03-17,50.16746233847194
2025-03-18,49.17567956553922
2025-03-19,49.256871131122466
2025-03-20,48.675353711570395
2025-03-21,49.040475168457824
2025-03-24,49.28394302034727
2025-03-25,47.1333427192629
2025-03-26,47.007518037312636
2025-03-27,47.00156599449031
2025-03-28,47.743660783271906
2025-03-31,47.34568598645106
2025-04-01,47.95077552138525
2025-04-02,46.4816067827244
2025-04-03,46.15368052121145
2025-04-04,47.15036608690954
2025-04-07,47.782813555220656
2025-04-08,47.54720837495197
2025-04-09,47.98263301910481
2025-04-10,48.12997656760695
2025-04-11,47.85565532849611
2025-04-14,48.14673224636733
2025-04-15,47.5685145527337
2025-04-16,47.97138567681875
2025-04-17,47.81796161801154
2025-04-22,47.495443494057945
2025-04-23,46.547479628450134
2025-04-24,45.68821106234209
2025-04-25,46.33179270453086
2025-04-28,45.98586037873526
2025-04-29,45.87812009538443
2025-04-30,45.89927947053554
2025-05-02,44.16880804615733
2025-05-05,44.27393633081072
2025-05-06,43.80975332886895
2025-05-07,43.87508731332707
2025-05-08,44.04865314062964
2025-05-09,44.32024716959167
2025-05-12,44.791029786943525
2025-05-13,46.23074176694461
2025-05-14,45.48328425841228
2025-05-15,45.41773288156516
2025-05-16,45.41011033646343
2025-05-19,45.914679986921925
2025-05-20,44.32867749922579
2025-05-21,44.25788975694979
2025-05-22,44.20836759830058
2025-05-23,44.44250210292658
2025-05-26,44.675218726287085
2025-05-27,44.60171503061026
2025-05-28,45.13359887177315
2025-05-29,44.92432002667724
2025-05-30,44.85601621993396
2025-06-02,45.165572087668394
2025-06-03,45.485804052544744
2025-06-04,45.68744347487425
2025-06-05,45.56654462230388
2025-06-06,46.247884486719435
2025-06-09,45.07958513721832
2025-06-10,46.63112940938136
2025-06-11,46.15075573263828
2025-06-12,45.93751359216297
2025-06-13,30.919581819259356
2025-06-16,31.100011879356828
2025-06-17,46.742621814899884
2025-06-18,47.12002584939315
2025-06-20,47.41164068944661
2025-06-23,48.902405270725204
2025-06-24,44.90711516373786
2025-06-25,46.01654370281819
2025-06-26,45.78287592394825
2025-06-27,45.4808752462612
2025-06-30,45.05882334683749
2025-07-01,45.05455080009754
2025-07-02,45.56577238082368
2025-07-03,45.4878691298129
2025-07-04,45.008993718730494
2025-07-07,44.44743708320796
2025-07-08,45.139222924542175
2025-07-09,46.13142964330075
2025-07-10,46.41709077666582
2025-07-11,47.16445030039368
2025-07-14,47.06434803257815
2025-07-15,47.109985574613056
2025-07-16,47.84302957957042
2025-07-17,48.00616616085453
2025-07-18,48.11580655494112
2025-07-21,49.49115218703188
2025-07-22,48.23024395330362
2025-07-23,48.40545064516013
2025-07-24,48.01294278936902
2025-07-25,47.933486609422275
2025-07-28,48.13546951334239
2025-07-29,48.228123420687076
2025-07-30,48.392772320608884
2025-07-31,48.74013041977492
2025-08-01,49.25147687001369
2025-08-04,49.87066042678344
2025-08-05,49.411524261233005
2025-08-06,50.128220070068956
2025-08-07,50.549582906965
2025-08-08,51.191855238694366
2025-08-11,51.14873728836807
2025-08-12,51.41624710647951
2025-08-13,51.79578413206468
2025-08-14,53.11138223501905
2025-08-15,53.620865904630186
2025-08-18,55.04368533789256
2025-08-19,69.66969403539919
2025-08-20,54.06593429535854
2025-08-21,53.34369472273846
2025-08-22,52.280045118110955
2025-08-25,52.0049627678133
2025-08-26,51.986917068007294
2025-08-27,52.46940221155385
2025-08-28,51.653300786180914
2025-08-29,51.41049403855319
2025-09-01,51.5689755569779
2025-09-02,51.013292743291764
2025-09-03,51.08104908169888
2025-09-04,51.229157385370016
2025-09-05,51.71535267716941
2025-09-08,52.28177479869655
2025-09-09,51.81047950982998
2025-09-10,52.48337725678955
2025-09-11,52.256490356615906
2025-09-12,52.315107076168744
2025-09-15,52.1987214630616
2025-09-16,52.40039130620502
2025-09-17,52.60622961061249
2025-09-18,52.295959851241726
2025-09-19,52.59509708739529
2025-09-22,53.30013377775295
2025-09-23,50.59726200233152
2025-09-24,51.463380210942375
2025-09-25,51.60927645884812
2025-09-26,51.25022836968853
2025-09-29,52.04077961117192
2025-09-30,51.70242103803563
2025-10-01,51.75859600859648
2025-10-02,51.851938802863785
2025-10-03,51.26336560094713
2025-10-06,51.44812345970204
2025-10-07,51.39316989166774
2025-10-08,51.692155890944036
2025-10-09,51.46598238319056
2025-10-10,52.31605841342641
2025-10-13,52.551392430092676
2025-10-14,52.65316221428055
2025-10-15,52.72716842700504
2025-10-16,53.21407400999274
2025-10-17,52.70070840205325
2025-10-20,54.5865013049837
2025-10-21,53.444459926140766
2025-10-22,52.938857001453655
2025-10-23,52.468593656763204
2025-10-24,52.4836700859011
2025-10-27,52.43690876703452
2025-10-28,52.477987645244944
2025-10-29,52.62181053536823
2025-10-30,53.17587341651492
2025-10-31,52.80367132876604
2025-11-03,53.17980424668108
2025-11-04,52.12117003745936
2025-11-05,52.46204190606735
2025-11-06,52.68458648269395
2025-11-07,52.55870367001798
2025-11-10,52.514951099604446
2025-11-11,52.09425480398341
2025-11-12,52.58316273111321
2025-11-13,51.80914797145152
2025-11-14,51.78180163000171
2025-11-17,51.46358617012469
2025-11-18,51.35083848120999
2025-11-19,51.20329655896349
2025-11-21,50.448695504266055
2025-11-24,52.04046090044514
2025-11-25,50.61117499985448
2025-11-26,49.84350343003382
2025-11-27,49.62884349112212
2025-11-28,50.46588368631322
2025-12-01,49.89574968832547
2025-12-02,49.292068786308704
2025-12-03,49.2715805425448
2025-12-04,49.74801025245806
2025-12-05,49.886504921204214
2025-12-08,50.641723128819436
2025-12-09,50.66892763831709
2025-12-10,50.79629500805819
2025-12-11,50.149910106877805
2025-12-12,50.15340709202294
2025-12-15,50.37644938189386
2025-12-16,50.7092437810071
2025-12-17,51.28958500388791
2025-12-18,51.95373993672365
2025-12-19,52.45987914469427
2025-12-22,54.12006379512823
2025-12-23,51.210075303972715
2025-12-26,50.40830198908579
2025-12-29,50.891280061684775
2025-12-30,49.40794393459988
2026-01-02,49.077737935542366
2026-01-05,49.29582616562015
2026-01-06,48.98875852607123
2026-01-07,49.9863936534378
2026-01-08,50.083278147530116
2026-01-09,50.01658145433628
2026-01-12,50.71802188744928
2026-01-13,50.25036622913346
2026-01-14,51.31078708099095
2026-01-15,51.902745521080845
2026-01-16,51.88537009265045
2026-01-19,53.85334427494763
2026-01-20,51.04248872139527
2026-01-21,51.040039867083806
2026-01-22,50.86726549906164
2026-01-23,50.47509751279466
2026-01-26,49.910906294101764
2026-01-27,49.236095828103956
2026-01-28,49.01856910014765
2026-01-29,48.837306040438385
2026-01-30,48.50397767081087
2026-02-02,48.651350130936635
2026-02-03,48.220764204937744
2026-02-04,49.54361204318149
2026-02-05,49.45906725912333
2026-02-06,49.835050014442416
2026-02-09,50.18069082947283
2026-02-10,49.853241504965496
2026-02-11,50.02958862297265
2026-02-12,50.81435789135247
2026-02-13,51.64508705013764
2026-02-18,52.20052648795877
2026-02-19,52.059040037282614
2026-02-20,51.97577872852119
2026-02-23,54.727599985568645
2026-02-24,52.379325830733
2026-02-25,52.382783874983055
2026-02-26,51.55051619172178
2026-02-27,51.32535420852858
2026-03-02,51.26104173217091
2026-03-03,51.44324795146065
2026-03-04,52.099335511359776
2026-03-05,51.94389713968138
2026-03-06,52.80705158365558
2026-03-09,53.45539363139442
2026-03-10,54.43395515409858
2026-03-11,55.48793304547333
2026-03-12,56.36411635137645
2026-03-13,56.77516848395198
2026-03-16,55.60500848162378
2026-03-17,53.46130552318693
2026-03-18,53.08148795408014
2026-03-19,52.14619174826466
2026-03-20,51.58897419945467
2026-03-23,52.173046830849266
2026-03-24,48.60448967171182
2026-03-25,47.99645568889147
2026-03-26,47.93085918214994
2026-03-27,47.600237366620554
2026-03-30,48.096649583672516
2026-03-31,48.088791215707126
2026-04-01,47.97888435042276
2026-04-02,47.69490341521292
2026-04-06,46.33686303289146
2026-04-07,46.600401968942705
2026-04-08,46.35555257583605
2026-04-09,46.5979898607972
2026-04-10,46.07213345472366
2026-04-13,46.359945049638085
2026-04-14,46.70156508202913
2026-04-15,46.466217737132695
2026-04-16,47.10112144616412
2026-04-17,46.78879177347433
2026-04-20,48.57440399359491
2026-04-22,48.095076886770414
2026-04-23,48.41967130599239
2026-04-24,47.854668284950584
2026-04-27,48.452316776754984
2026-04-28,47.83117712240375
2026-04-29,47.37497018707487
2026-04-30,48.24142727327803
2026-05-04,47.293367386337465
2026-05-05,47.292081779115115
2026-05-06,46.91543408174135
2026-05-07,46.58408407926718
2026-05-08,46.68868026143056
2026-05-11,47.415787913050146
2026-05-12,47.626567984941715
2026-05-13,47.43332670226303
2026-05-14,48.41462919837659
2026-05-15,48.52857372617411
2026-05-18,50.669378250664224
2026-05-19,49.36769817958693
2026-05-20,49.925717297210824
2026-05-21,49.91629799551846
2026-05-22,49.35595008758381
2026-05-25,49.14650835119501
2026-05-26,48.071078944678355
2026-05-27,47.88533464783716
2026-05-28,48.032929737656154
2026-05-29,47.56749481687853
2026-06-01,49.65172631650254
2026-06-02,48.91803032608692
2026-06-03,48.952733623373085
2026-06-05,49.48907623263931
2026-06-08,48.86483385462975
2026-06-09,47.94410913712161
2026-06-10,47.94155250901447
2026-06-11,47.94126691946274
2026-06-12,48.52117847693739
2026-06-15,48.11423003827127
2026-06-16,48.50981605589816
2026-06-17,48.784318564825206
2026-06-18,48.440238838852586
2026-06-19,48.04996531922256
2026-06-22,49.8781549715276
2026-06-23,46.89696863308041
2026-06-24,47.05161073359061
2026-06-25,46.585697557800444
2026-06-26,46.82110527057765
2026-06-29,47.22429783925738
2026-06-30,47.47501264780958
2026-07-01,46.627547773095266
2026-07-02,47.34263963096421
2026-07-03,46.615966620997604
